,contents,httpUrl,imgUrlList,time,title
0,"
这个春天，干板桥的樱花和仁里桑场的桃花着实让黄平火了一阵，明天就是“五一”小长假了，春末夏初时节有没有哪里能再让黄平火一把呢?

当然有了，那就是距离黄平县城四十余公里的谷陇大高山。那里有逶迤的山峰，漫山遍野的杜鹃，层层叠叠的梯田，星罗棋布的村寨，更有一览众山小的气势。因为有了这个大高山，这个假期你不必再去丹寨的龙泉山了，这里的杜鹃别样红;也不必再旅途劳顿去游历其他名山大川了，这里的山也青水也秀。一起到大高山去吧，这里的杜鹃花是最鲜艳、最纯朴的，就象邻家小妹张开粉红的笑脸等待着你的到来。
大高山位于谷陇镇平安村，主峰海拔1283米(手机APP实测数据)。从黄平出发到谷陇工业园区转苗陇方向，到苗陇九年制学校前面后右转向克麻方向，顺着沥青公里一路前行，快到平安村时左边有一条上山的泥路，天气好的话可以开车直上梭衣坡，停车后就开始登山，到达主峰的山路近一公里。

从一开始登山，那漫山遍野的杜鹃花就一直陪伴着在你的左右，整个山坡都被染成了红色，让人看了心情为之一振。

头上蓝天白云，身边花色艳丽，身边山风习习，徜徉在花海中，心情格外舒畅。




回首山下，极目远眺，群山逶迤，气壮山河。


眼前就是大高山山主峰，此时的她已经完全披上的红妆。

夕阳西下，残阳如血，把美丽的杜鹃映照得更加艳丽。



从主峰往西看，夕阳下的山峦如龙脊般巍峨。

夜幕将临，繁星点点，站在花丛中来一个与星空的近距离接触，心情倍爽。
",http://www.julanhp.com,"['/UploadFiles/hpxw/2016/5/201605010012061694.jpg', '/UploadFiles/hpxw/2016/5/201605010012267398.jpg', '/UploadFiles/hpxw/2016/5/201605010012524017.jpg', '/UploadFiles/hpxw/2016/5/201605010012565976.jpg', '/UploadFiles/hpxw/2016/5/201605010014300899.jpg', '/UploadFiles/hpxw/2016/5/201605010014308175.jpg', '/UploadFiles/hpxw/2016/5/201605010014317470.jpg', '/UploadFiles/hpxw/2016/5/201605010014318085.jpg', '/UploadFiles/hpxw/2016/5/201605010014322738.jpg', '/UploadFiles/hpxw/2016/5/201605010014336250.jpg', '/UploadFiles/hpxw/2016/5/201605010014338444.jpg', '/UploadFiles/hpxw/2016/5/201605010014335756.jpg', '/UploadFiles/hpxw/2016/5/201605010014341120.jpg', '/UploadFiles/hpxw/2016/5/201605010014349529.jpg']",2016年05月01日, “五一”长假哪里去，大高山上映山红 
1,"

大高山远眺（王永龙摄）
     近日，位于黄平县谷陇镇大高山的万亩野生杜鹃竞相开放，万亩大高山上像铺上了连绵不断的红绸，万紫千红，非常壮观，美丽的天然美景吸引了大量周边县市的市民前来观赏，也吸引了很多手持“长枪短炮”的摄影爱好者前来采风创作，一些市民还穿上“红军装”，拍一张《闪闪的红星》里的“岭上开遍哟，映山红！” 的“剧照”。
     据大高山村会计龙虎成介绍，4月23至25日，大高山下的村民将举办为期三天民族集会，届时将开展富有民族特色的斗牛、斗鸡、赛马、苗族芦笙舞等活动，还可品尝到苗家正宗的酸汤鱼、鸡稀饭等特色美食。

 
开满映山红的大高山（王永龙摄）
 

 
花海从中留个影（王永龙摄）
 

身着民族服装的游客（王永龙摄）
 

 
留下倩影（王永龙摄）
 

 
盛开的映山红（王永龙摄）
 

 
采风的摄影爱好者（王永龙摄）
 
     友情提示：大高山距黄平县城42公里，贵阳方向游客可从贵瓮、余凯高速从黄平北（南）站下高速经县城、谷陇镇到大高山；凯里方向游客可从凯施二级路或余凯高速经黄平县城、谷陇镇、苗陇（原苗陇乡）、黑冲（小地名）到大高山，也可从凯里旁海、谷陇镇到大高山；施秉、镇远游客可从杨柳塘、苗陇到大高山。
 
",http://www.julanhp.com,"['/UploadFiles/hpxw3/2016/4/201604210850106861.jpg', '/UploadFiles/hpxw3/2016/4/201604210849083528.jpg', '/UploadFiles/hpxw3/2016/4/201604210847567695.jpg', '/UploadFiles/hpxw3/2016/4/201604210846450559.jpg', '/UploadFiles/hpxw3/2016/4/201604210849408501.jpg', '/UploadFiles/hpxw3/2016/4/201604210848256039.jpg']",2016年04月21日, 黄平谷陇大高山  野生杜鹃红似火 
2,"
走进塕嘎箽(翁干洞) 瀑布群
黄平县谷陇塕嘎箽(翁干洞)瀑布群景点，位于谷陇镇翁板村和王坳村脚下，斑鸠村村边。塕嘎箽瀑布群由飞水岩九级瀑布和塕嘎箽瀑布、猴子岩瀑布组成。瀑布群山水相连约4平方公里，是一个集观光、旅游、休闲、游泳、踩水、爬山、健身、垂钓、烧烤、露营、野炊的好地方。猴子岩瀑布高约40米，宽约50米;塕嘎箽瀑布高约50米，宽约20米;飞水岩九级瀑布流经斜坡长500米，垂直高度约200米，呈梯级形状。飞水岩瀑布是一个九跌瀑布，自上而下，珠浪沫飞。前安徽泗州直肄州牧贺绪蕃到此瀑后作《飞水岩观瀑并叙》诗文加以赞美。

(飞水岩九级瀑布)
诗文曰：“龙湫有瀑布，胜甲东南国。匡庐开先寺，此景亦殊特。昔游遗雁岩，至今若负惹。庐山屐所经，奇胜餍胸臆。蛮荒秘名镜，乃在吾居侧。怯来避炎威，钓循溪西北。耳骇奔雷声，目摇匹练色。腾空忽飘荡，霏雾滿屴崱。飞流下千丈，直涛空潭黑。喷薄湿襟裙，可望不可即。人间大热恼，到此总苏息。何期乡里面胜，迟暮求方得。惜哉无好事，文字扬幽仄。倘与名区角，定可齐镳勒。古来贤在野，迂合每差忒。山水特区区，显晦何能测。” 作为古代仕大夫，能在避居乡野之时，纵情于山水之间，寻找一幽静处，听鸟鸣、闻水声、不争朝夕，闲话品茶。享受自然山水之乐，倍觉身心愉悦，神清气爽。
景点介绍
塕嘎箽瀑布与相邻的猴子岩瀑布的河水自50多米高的悬崖绝壁上飞流直而泻下，发出震天巨响，如千人击鼓，万马奔腾，声似雷鸣，远震数里之外，使游人惊心动魄;飞水岩九级瀑布从500米斜坡呈梯级形状飞流而下，层层跌泻，瀑雨纷飞，水量巨大，气势磅礴，是翁干洞瀑布群中水流量最大的瀑布。

(三潮泉)
塕嘎箽飞水岩九级瀑布脚下有一个三潮泉。泉眼在一条小沟边，大如腿脚，深不可测，泉水清凉甘甜冬暖夏凉，四季不涸，泉水叮咚作响，一鸿清泉涌出，据介绍，此泉一日涨缩三次，早上一般6至9点，中午12点至下午3点，下午6点至晚上9点，流量可冲动水碾，无论是涝月旱年，四季皆然，当地人称为“日冒三井”，又叫“三潮泉”。
大凡奇观异景，往往都伴随着传奇的故事。话说，从前，清水江里住着一个老龙王，它有三个儿子。这些龙子成天四处游荡。有时还跑到村子里去游方场地，与苗家姑娘游方(谈恋爱)来。一天，龙王的小儿子去翁板游方，见到大石山阻隔水道，不方便通行。百姓知道他是龙王的儿子，便对他说，你不如把这石山推倒，你方便上来游方，我们也方便种地嘛。小龙子是个乐善好施之人，回龙宫之后，与两个哥哥协商，得到两个哥哥的协助。一天晚上，三兄弟拿着赶山棒就去赶山，高大的山石纷纷跌入河谷之中，谁知，一块大石落到了土地神的房子上，压伤了土地神。土地神发怒，状子传到玉皇大帝那里，玉皇传诣，派天兵天将将三兄弟捉住，并用一块大石压住。后来，老龙王知道后，暗地里派螃蟹到三兄弟的旁边挖掘了一个孔洞，让兄弟轮流翻身。每翻身一次，泉水就从里面流出来，“三潮泉”由此诞生。

(塕嘎箽瀑布)

(猴子岩瀑布)







(飞水岩九级瀑布)
自然气候
黄平属亚热带季风气候区。四季分明，气候温和，雨量充沛。年均气温15.1℃，最热的7月平均气温为24.7℃。年均降雨量1307.9毫米，日照数1104.7小时。
交通
塕嘎箽(翁干洞) 瀑布群国家AAA风景名胜区且兰黄平景内，距省会贵阳市254公里，沿兰海高速、沪昆高速到凯里走X804或走凯余高速到黄平走X814到班鸠村，距凯里市区53公里，距县城41公里，交通十分便利。
当地民风
位于苗族聚集区，黄平苗族能歌善舞，有“歌乡舞海”之称。由于聚居人口众多，较好地保持了本民族的传统习俗。民间歌舞丰富多彩，民族风情浓郁，热情好客，走进寨中任一家，均有香甜的米酒在等着您。
旅游贴士
塕嘎箽(翁干洞) 瀑布是典型的喀斯特地形地区，景区内山路陡峭险峻，在景区内游览宜穿胶鞋、登山鞋类。雷雨天不宜游览，更不要在树下避雨。景区内道路险峻，且有多处险段，游览时需手脚并用外加绳子，才能攀爬，现在由于尚未开发，适合探险自助旅游。




​(作者：吴江平、郭文华、杨渐)
",http://www.julanhp.com,"['/UploadFiles/hpxw3/2016/3/201603231805306510.jpg', '/UploadFiles/hpxw3/2016/3/201603231805312126.jpg', '/UploadFiles/hpxw3/2016/3/201603231805315351.jpg', '/UploadFiles/hpxw3/2016/3/201603231805315689.jpg', '/UploadFiles/hpxw3/2016/3/201603231805310568.jpg', '/UploadFiles/hpxw3/2016/3/201603231805311578.jpg', '/UploadFiles/hpxw3/2016/3/201603231805310870.jpg', '/UploadFiles/hpxw3/2016/3/201603231805313272.jpg', '/UploadFiles/hpxw3/2016/3/201603231805316827.jpg', '/UploadFiles/hpxw3/2016/3/201603231805316035.jpg', '/UploadFiles/hpxw3/2016/3/201603231805317013.jpg', '/UploadFiles/hpxw3/2016/3/201603231805310225.jpg', '/UploadFiles/hpxw3/2016/3/201603231805311509.jpg', '/UploadFiles/hpxw3/2016/3/201603231805315381.jpg', '/UploadFiles/hpxw3/2016/3/201603231805317303.jpg']",2016年03月23日, 看瀑布，可以不去黄果树了——黄平塕嘎箽(翁干洞)瀑布旅游攻略 
3,"

5月25日，黄平飞云崖沉没在静默之中。古柏参天，,树木葱郁，曲径幽深，深山古刹，钟声悠扬。红色的高足大香随风缭绕。以代表农耕文明的水稻、高梁、小米、小麦、玉米端放在祭坛的中央。一年一度的祭祀神牛大典如期举行。来自不同村寨的苗族同胞驻足相望，他们都在等待着这一庄严的时刻。
巫师肩扛着开路的芭茅草立定于祭坛之间。他口念着经文，歌唱巫词，抛撒定路的银粒(米粒)，招唤着牛神。牛神来了，在冥冥之中来到了人间。你无法看到这精灵，也无法知晓伙伴，巫师说，它已来到了人间。就是在这个时候，就是在此刻之间……
 
来自美国、英国、日本、香港、台湾等地的客人与当地的10余万各族同胞深吸空气，目睹着这庄严肃穆场面。
这是一个农耕民族特有的祭典，这是一个民族敬畏自然的盛宴。因为在苗族的民族主体意识中，有抹不去江南古老农耕生活，更有无法抹去的部落战争记忆。

苗族，一个古老的民族，它来自于北方，他们住在黄河边上的蚩尤坝上。蚩尤带领八十一个兄弟，种庄稼，建城池，神鸟带他去找药，他又发现铜，冶炼铜，制兵器。黄龙公来攻打，蚩尤头戴牛角帽，身穿牛皮袍，挥舞铜宝剑，杀退了敌人。黄龙怕铜(现在人们还说龙怕铜)，逃跑了。黄龙公又用宝葫芦来收苗家，蚩尤就用火烧葫芦。雷老五假意拜蚩尤为兄，向蚩尤学到了医药和冶炼铜造兵器之术，还骗走了蚩尤的铜板斧。最后，黄龙公联合赤龙公和雷老五一起攻打蚩尤，蚩尤牺牲，而他的族人则带着部族渡黄河南迁江南。
江南，一个美丽的地方。他们在那里有组建苗蛮部落，又称三苗部落。《史记·五帝本纪》所记载的“放讙兜于崇山，以变南蛮;迁三苗于三危，以变西戎”。《史记》也记载：“三苗在江淮、荆州数为乱。”据这些资料，我们可以勾绘出距今约4300年前三苗部落故土的大至轮廓，三苗故土：东至翻阳湖之滨，西到洞庭湖，南达南岭、武夷山，北达淮河流域的中上游。概而言之，三苗故土就在今汉水中下游、长江中游、沅江、湘江、赣江的中下游和淮河中上游的广大平原地区。包括今湖北、湖南、江西三省的大部分地区和安徽、河南两省的部分地区。而农耕文明在这里发展到了极至。《苗族古歌》有很多的故事，这些故对他们的部族在这一带所进行的农耕进行了回顾：有两兄弟分家，一个得到了牛，而另一个只分到了一只狗。牛当然已用于了犁田，而分得到狗有弟弟也试探着用狗来耕地。这故事看似荒诞，其实证明了苗族人在早期，也曾用其它动物耕地过。那时也有了提水灌溉，以至于牛在河沟里找不到出河的路。桐花开了，那是育秧的时候。洪水滔天，让耕地成了一片汪洋，是狗偷来了谷种……这些是故事，是一个农耕民族战胜自然，争取民族发展和生存的的写照。
 

著名的地理学家徐霞客，曾对苗族的耕作状况作了描述：“有坞南北开洋，其底甚平，犁而为田，此处已用牛耕，不若六寨以南之用概撬矣。波耕水耨，盈盈其间。”正因为如此，苗族的耕地也才会“波耕水耨，盈盈其间”。
牛是神，它来自于天上。相传很久以前，天下还没有牛，人们耕作土地全凭人的双手，粮食难以糊口。有一年，天下大旱。天神告呼也不知道天下的情况，于是就叫牛到天庭边去探望，回来后就对告呼说：天下确实太旱，人们没有了吃的，到处是饥饿的人群。告呼也没有办法，就对牛说：那你就下去一躺，就对他们说一天洗三次脸，吃一顿饭就不饥饿了。牛听后便立即下凡到人间。他也许没有听清告呼的圣旨，而对人说，告呼要他们一天吃三餐，一天洗一次脸。于是又回了天庭。告呼又问他：你给人间怎么样说的?牛回答：我按你的圣旨传了，要他们一天吃三餐，一天洗一次脸。告呼勃然大怒，想到本来天下人就缺粮，这样一天吃三餐，一天洗一次脸，那他们不就更加没吃的吗?人们遵旨行事，缺粮食饿死的人就更加多了，世间男女老少无不埋怨，怨气直冲九霄云外。作为兄弟的告呼知道这已没有办法收回圣旨，只有对牛说：你传错了圣旨，只有你到人间去，给他们耕地天底下才有饭吃。牛知道自己犯了错误，没有办法，只好下界了。也就在四月八这一天，他来到了人间。

牛到了人间后，就对人说，我上次传错了圣旨，你们太苦了，我是来给你们耕地的，我给你们种地我不要哪样，你们收粮食你们吃粮食，只要你们给我草吃就行了。人们听了很高兴，便收留了它。从此，牛帮助人们耕田犁土，生产得到了发展，粮食增收了。人们生活有了着落。牛由于长期吃草，又只干重活，不用头脑，慢慢变得不会说话，而且忘记了在凡间的时间，再没有回天庭去。人们得到牛的好处太多了，为了感谢牛，就把牛来凡间的四月初八这天定为牛的生日。每年这天，放牛休息一天，人们都到略寺曰去办几天会，吹笙、赛马、斗雀、对歌以示祝贺，“四月八”节就这样一代一代地流传下来。
六百年前，黄平潘氏就来到了飞云洞这方土地，先民们除了思考着开山劈土，建设耕地之后，便想到了他们的伙伴——牛。他们为牛劈出了祭祀的圣地，让牛登上了圣坛，以祝颂牛的丰功，铭记着牛给予人带来的美好愿望。

而之后的汉人也看中了这块圣地，明朝正统八年(1443)始建月潭寺，后经历代增修扩建，遂形成一组宗教建筑、民族建筑和园林建筑相间的别具特色的古建筑群。明朝著名哲学家王阳明盛赞之曰：“天下之山，聚于云贵，云贵之秀，萃于斯崖。”在贵州名胜中，飞云崖是文献记叙和游人题咏最多的一处，至今还保留着丰富的诗文、联语、摩崖、碑碣，故人们又将其誉为贵州的“文化富矿”。多元文化的兼容，民族间相互的和谐相处，成就了“贵州第一古刹”、“黔南第一洞天”等殊誉。飞云崖由此成为一处融汇佛、道宗教文化，集自然风光，名胜古迹，民族风情为一体的旅游胜地。
祭祀牛神，娱人娱神，各民族同胞数万人云集飞云崖，开展吹芦笙、踩笙、赛马、斗雀、对歌、民间绝技表演等活动。正如李承栋诗文写作的那样：谁家少妇年十六，生长夷乡服夷服。更有头妆复别样，银花大插发茎上。鸟髻不减远山青，金冠直合秋月亮。弯弯娥眉掩秋波，浓浓胭颊粉红拖。身疑飞燕轻还减，怨拟明妃愁更多。铜鼓一声天地惊，窄衫舞出麝兰芬。长杨枝弱腰娜娜，蛱蝶迎风翻不了。
时逢盛世，这里不再是晨钟暮鼓梵音之地，其祭祀活动更今非惜比，这里亦然成了民族文化传承的基地。苗族古歌、苗族大歌……已让人们“清歌曼舞谁得知，佳人归后云还绕。几回春艳几回欢，惆怅云山不忍还”了。

 
",http://www.julanhp.com,"['/UploadFiles/hpxw/2015/6/201506160917321728.jpg', '/UploadFiles/hpxw/2015/6/201506160922528651.jpg', '/UploadFiles/hpxw/2015/6/201506160932120409.jpg', '/UploadFiles/hpxw/2015/6/201506160924235202.jpg', '/UploadFiles/hpxw/2015/6/201506160926166203.jpg', '/UploadFiles/hpxw/2015/6/201506160925294707.jpg']",2015年06月16日, 祭祀神牛，感受苗族农耕文化——黄平县飞云崖四月八祭祀纪实 
4,"

图：黄琴瀑布
前日经黄琴，走新路到平寨去，过一个盘山处，涛哥说，这盘山的对岸就是塕嘎箽了，还介绍说那里景观不错，有双瀑布自崖而下，蔚为壮观。又有三潮泉眼，日三涨三跌，人称异泉。当然此次因有公务，不能前往，只有择日而往了。
 
就在昨日，周末假日，眼观细雨薄雾，虽说天不是很通透，则也当是个拍摄瀑布的好天气。我和吴继和、吴涛及龙烨就这样邀约前行了。塕嘎箽，从偏城南行，过杨柳塘，到施秉县的双井镇黄琴村，再南行五公里处，也便是塕嘎箽了。这里是施秉和黄平县的南端交界处。北面的施秉县，乡村道是水泥硬化路，路比较窄。光秃秃的山体，全是石头和草甸，有成群的牛群在啃食野草。南面的黄平，公路是泥清路，路比较宽，标准的乡村公路。山体葱葱郁郁，有高大的枞木，野鸡林中飞怒。虽然仅一小河之隔，却似两个不同的世界。

图：黄琴瀑布群
这是一条不大的溪沟，急流漭然，乱石磷磷、路窄崖高。看两山峡谷，重峦叠嶂。猛回头，一石桥南北凌空，把两山间紧握在一起，给山里人带来了方便。这石桥一半虚掩着，另一半则如月如钩，这真是：“虹桥千步廊，半在水中央”。桥叫李家桥，兴桥的时间无法考证。从工艺及外观来看，至少兴于清代。我试图寻找它的兴建时间，除了桥头一小土地庙外，没有碑文。南桥上有新建碑文两通，立于2012年，只有李氏族人之名若干，没有更多的说明。这些李氏族人来自于新州、马号、革夷、城溪、翁山、台江、旁海、王坳、里长、旧州、仰朵、双井等地，他们全是苗族。据李氏族人说，他们的入黔先祖是李真。李真与李桢可能是同一个人。李桢，祖籍山东兗州府泗水县夏箭村，系明太祖朱元璋之妹夫，为陇西王，生子李文忠，因剿苗獠于乌允而有功，旋后入(瓯)闽削除余寇，进讨蓟北，屡奏捷功，而敕封曹国公，卒年四十有六，追封岐阳王，皇敕免死牌(铁卷)“以报尔功”(洪武元年(1368年)二月制命)，爵位世袭。其四世祖李德，钦命同往贵州剿苗有功，赠武略将军管军副千户。命李德之子李不忙、李贵袭武略将军，入黄平旧州守御。又据《黄平县明清人物》载，李侦之后李占春，字少白，号朴庄道人，明朝贵州黄平人。其父系卫指挥，官至副总兵。占春系将门之后，却好文喜客，豪迈不群。明熹宗天启年间(公元1621-1627年)，以选贡历云南通判。才识为上官倚重，然落落不得志。明朝灭亡后，隐居，撰《黄平州志》，有藻鉴人伦之际。诗作颇多，存之甚少，《黔诗纪略》录其诗四首。李侦、李占春是否这些苗族李氏族人的先辈，不得而知(待考)。
桥头有几块大石头，自己倍感稀奇，仔细瞧瞧，原来大石头里呈现出很多的生物纹路来。我曾到施秉的瓮哨考察过，知道这些都是古生物化石。这些都是三叶虫科化石及棘皮类动物化石，属早奥陶纪晚期三叶虫科大壳虫属的光大壳虫和兴仁大壳虫。此外,在该地层中还发现了最早的直角石化石(头足类动物,属直体鹦鹉螺。奥陶纪是古生代的第二个纪,距今5亿年至4.4亿年,持续约6000万年。这些化石的呈现，证明该地区在早、中奥陶纪时期均为海相地层。

北山下有一泉流，四季不涸。龙烨是离此不远的山凯村人，童年时随友人至此游玩过，知道这里有“三潮泉”。泉水叮咚作响，寻声而去，果然有一鸿清泉涌出。志载：“左右众山伸延，如手搂物，泉伏其间”。泉眼在在一条小沟边，大如腿脚，深不可测。我们去时，正值泉涌之时，用手掬而饮之，清凉甘甜。这水确实与小沟水温度相差甚远。据介绍，此泉一日涨缩三次，早上一般6至9点，中午12点至下午3点，下午6点至晚上9点，流量可冲动水碾，无论是涝月旱年，四季皆然，当地人称为“日冒三井”，又叫“三潮泉”。大凡奇观异景，往往都伴随着传奇的故事。关于三潮泉的故事，我是在离此不远的双井平寨村听说的。话说，从前，清水江里住着一个老龙王，它有三个儿子。这些龙子成天四处游荡。有时还跑到村子里去游方场地，与苗家姑娘游方(谈恋爱)来。一天，龙王的小儿子去翁板游方，见到大石山阻隔水道，极不不方便通行。百姓知道他是龙王的儿子，推倒这山石不在话下。便对他说，你不如把这石山推倒，你方便上来游方，我们也方便种地嘛。小龙子是个乐善好施之人，回龙宫之后，与两个哥哥协商，大家点头称是。一天晚上，三兄弟拿着赶山棒就去赶山，高大的山石纷纷跌入河谷之中，谁知，一块大石落到了土地神的房子上，压伤了土地神。土地神发怒，状子传到玉皇大帝那里，玉皇传诣，派天兵天将将三兄弟捉住，并用一块大石压住。后来，土地神又觉得这种惩罚过重，就派螃蟹到三兄弟的旁边挖掘了一个孔洞，让兄弟轮流翻身。每翻身一次，泉水就从里面流出来，“三潮泉”由此诞生。故事离奇怪诞，其实它是一种神奇的自然现象。
三潮泉北面是塕嘎箽水电站，水电站，1968年始建，装机500千瓦。1980年1月投入使用。1986年改建，装机500千瓦，年均供电191万度。主供谷陇镇村民用电。高水头发电站。电站的右边，是飞水岩观瀑。这是一个四跌瀑布，自上而下，珠浪沫飞。前安徽泗州直肄州牧贺绪蕃到此瀑后作《飞水岩观瀑并叙》诗文加以赞美。贺绪蕃 (1830-1911)，字幼臣，晚号息庐，清朝贵州黄平县坪寨村(今施秉县)人。咸丰诸生，同治二年(公元1863年)起，历任安徽蒙城知县、泗州知州，后因忤上官罢官归。先客居金陵，筑""不波舫斋""与钟山相对，致力诗古文词，与江南名士唱和，与郑珍、莫友芝友善。晚年为镇远秀山书院、八寨龙泉书院、平越墨香书院主讲，创办平越高等小学，主纂《平越州志》，著《石波舫诗抄》、《吹梦词》、《蒙城记略》、《续通鉴纲目》。工书法，擅篆隶等。七旬以外所书楹联尤为士林宝贵。

图：塕嘎箽飞水岩
他在叙文中说，“距余居十里曰李家桥，其西有瀑布，飞空数百丈而下，如银涛雪练，为景绝奇，土人名之曰飞水岩。以僻在夷，徼游者鲜。知而溪路幽险，虽相距至至近，如余亦未尝往游，光绪乙未(公元1895年)六月，炎暑蒸溽，亟思逭避，乃携子侄童仆辈持杆而往。日中抵岩下，且钓且观，目眩心摇，久则微寒侵人，衣襟皆润，凛乎其不可留也。归涂赋此以纪游。”诗文曰：“龙湫有瀑布，胜甲东南国。匡庐开先寺，此景亦殊特。昔游遗雁岩，至今若负惹。庐山屐所经，奇胜餍胸臆。蛮荒秘名镜，乃在吾居侧。怯来避炎威，钓循溪西北。耳骇奔雷声，目摇匹练色。腾空忽飘荡，霏雾滿屴崱。飞流下千丈，直涛空潭黑。喷薄湿襟裙，可望不可即。人间大热恼，到此总苏息。何期乡里面胜，迟暮求方得。惜哉无好事，文字扬幽仄。倘与名区角，定可齐镳勒。古来贤在野，迂合每差忒。山水特区区，显晦何能测。”

作为古代仕大夫，能在避居乡野之时，纵情于山水之间，寻找一幽静处，听鸟鸣、闻水声、不争朝夕，闲话品茶。享受自然山水之乐，倍觉身心愉悦，神清气爽。唯愿时光永驻，岁月静好。

图：塕嘎箽飞水岩
在塕嘎箽水电站左侧，有一条小河从西南面而来。两岸山高谷深，有竹林镶嵌其间。因为则下雨，流水混浊，不知深浅。吴涛说，沿河上去不远，也就是双飞水了。既然到了这里，何不寻径而去?幸得岸藏小径，跌跌撞撞，我们逆流而上。

图：塕嘎箽三潮泉涌水的时候
林很深，各种植物也长得茂盛。崖壁之上，乳石高悬，藤萝漫布。一种蓝色的鸟飞窜河涧。一只竹鼠见到了我，迅速凫水，跨越混水消失在对岸边去了。

转过一个湾水，“路”消失了，前面是洪水涛涛，水面如沸滚水，再也不敢前行。抬头张望，如银的瀑布直捣谷底。这真是“万里金波照眼明，布帆十幅破空行。”“五叠六叠势益高，一落千丈声怒号。”这样的壮观这场景，平生确实没有见过。拿起相机，频频举过头顶，咔嚓几声，希望这壮丽的场景定格。然而，事与愿违，相机却没电了。万不得已，只好拿出像素很低的手机应付。回到家在电脑上打开一看，我才知道自己已照了八百多张了。

图：塕嘎箽化石
这是在河谷，我们试图找一处高地对瀑布进行拍摄。作为摄影爱好者，要想与瀑布零距离，必须走“荆棘之路”。我们返回公路继续上行，希望能找到一处可拍此景的地方。乡人路过，问及道路，乡人摇头。我们只有带着遗憾，离开了塕嘎箽河谷。

塕嘎箽，生态很原始和完整。就连我这个山里面的孩子，有些植物也未曾见过。可以说，这是一块纯净世界。如果你喜欢拍照，这里也是非常难得的“秀场”，瀑布、溪涧、奇石、桥梁、泉水、竹园、鸟兽、异果……有太多可拍的冲动。她会让你平时背负着沉重的心彻底洗涤。




图：塕嘎箽建于清代的李家桥
 
 
",http://www.julanhp.com,"['/UploadFiles/zjhp/2015/6/201506150907206645.jpg', '/UploadFiles/zjhp/2015/6/201506150907199833.jpg', '/UploadFiles/zjhp/2015/6/201506150907212826.jpg', '/UploadFiles/zjhp/2015/6/201506150907215209.jpg', '/UploadFiles/zjhp/2015/6/201506150907200261.jpg', '/UploadFiles/zjhp/2015/6/201506150907219207.jpg', '/UploadFiles/zjhp/2015/6/201506150907191183.jpg', '/UploadFiles/zjhp/2015/6/201506150907207553.jpg', '/UploadFiles/zjhp/2015/6/201506150907195365.jpg', '/UploadFiles/zjhp/2015/6/201506150907203622.jpg', '/UploadFiles/zjhp/2015/6/201506150907208812.jpg', '/UploadFiles/zjhp/2015/6/201506150907213538.jpg', '/UploadFiles/zjhp/2015/6/201506150907219084.jpg', '/UploadFiles/zjhp/2015/6/201506150907228641.jpg']",2015年06月15日, 黄平塕嘎箽：洗涤心灵的河谷 
5,"
春天时节，草长莺飞，山花烂漫。 4月29日，笔者在黄平县谷陇镇大高山山顶看到，这里万余亩的杜鹃花满山争奇吐艳，特别是在近日几场春雨的冲洗下，显得更加妩媚动人，引得驴友和生态考察者们纷至沓来，一睹芳容。

（满坡盛开的杜鹃花）
“好久没有见到这么多这么美的杜鹃花了。”在大高山脚土生土长的村民龙金凡说，以前，这里经常三四年就有一场火灾，山上的杜鹃花长了又毁，毁了又长。
村会计龙虎成介绍，这几年，镇里面的干部及林业的工作人员们经常到村里来进行火灾宣传，老百姓们的生态保护意识加强了，特别是还专门在村里面聘任了护林人员，对山林进行保护，情况好转了起来。
大高山，海拔1300多米，是谷陇镇最高山峰，黄平县第二大高峰。登上山顶，凉风习习，不仅可以赏花，也可以将周边苗寨尽收眼底，或炊烟袅袅，或田园风光，是个观光的好去处，同时更是爬山和摄影爱好者创作的好地方。
“人爱自然，自然更爱人。”前来进行生态考察的一位姓陈的客人知道这些情况后感慨地说。
据了解，近年来，黄平县在抓住生态文明建设发展战略工作中，真正给力自然环境保护，取得了实实在在的成效。

（驴友们爬山运动或摄影）

（联系谷陇的县委领导吴朝兴到万亩杜鹃大高山顶调研）

（登上山顶欣赏杜鹃的游客）

（大高山顶下的苗寨、古梯田也是一道风景线）

（花开得正艳）

（部分地方的杜鹃花长得有人一样高）

（山高水也高，大高山顶还有一汪清纯冰凉的“神”泉水，帮助旅客解渴）

（正在盛开的杜鹃花）

（远眺一坡坡顶盛开的杜鹃花）

（正在花丛中的驴友）

（登上山顶欣赏杜鹃的游客）
 
 
",http://www.julanhp.com,"['/UploadFiles/hpxw/2015/4/201504301433449634.jpg', '/UploadFiles/hpxw/2015/4/201504301435539371.jpg', '/UploadFiles/hpxw/2015/4/201504301442055234.JPG', '/UploadFiles/hpxw/2015/4/201504301436535683.jpg', '/UploadFiles/hpxw/2015/4/201504301438390548.jpg', '/UploadFiles/hpxw/2015/4/201504301439484714.jpg', '/UploadFiles/hpxw/2015/4/201504301440427655.jpg', '/UploadFiles/hpxw/2015/4/201504301448512706.JPG', '/UploadFiles/hpxw/2015/4/201504301453589725.jpg', '/UploadFiles/hpxw/2015/4/201504301524452484.jpg', '/UploadFiles/hpxw/2015/4/201504301455455324.jpg', '/UploadFiles/hpxw/2015/4/201504301457071783.jpg']",2015年04月30日, 黄平：大高山顶万亩杜鹃红 
6,"

我到旧州考察时，多数的人承认旧州就是古且兰国故地。但就是说没有强有力的史料支撑。查百度百科，有记载为：“战国至汉初古国。在今贵州福泉、贵定、龙里、贵阳、黄平、都匀等市县一带。战国楚顷襄王遣庄蹻入滇，攻克其地。西汉元鼎六年(前111)伐南越，发南夷兵。《史记·西南夷列传》 载：“且兰君恐远行，旁国虏其老弱，乃与其众反，杀(汉)使者及犍为太守。”汉以击南越之军还诛且兰君，平西南夷为牂柯郡, 于且兰地置故且兰县。”也就已说明了且兰就是旧州。
在司马迁著《史记》卷一百一十六《西南夷列传》第五十六条中载：“始楚威王时，使将军庄乔将兵循沅江上，略巴、黔中以西……。乃至南越反，上使驰义候因键为发南夷兵。且兰君恐远行，旁国虏其老弱，乃与其众反，杀使者及键为太守。”这是最有权威的最早记录。《后汉书》卷一百一十六《南蛮西南夷列传》第七十六载：“初，楚顷襄王时，遣将庄乔溯沅水伐夜郎，军至且兰，琢船于岸而步战。既灭夜郎，因留王滇池。以且兰有琢船牂牁处,乃改其名为牂牁。牂牁地多雨獠，俗好巫鬼禁忌，寡畜生，又无蚕桑，故其郡最贫。”可见庄乔灭夜郎后，以且兰有琢船，而将且兰改为了牂牁，牂牁即为古且兰地。也就是说班固的《后汉书》延续引用了司马迁的史料无疑。最有权威的《汉书•地理志》诠释：“沅水出牂牁，东南至益阳入于江，过郡二、行二千五百三十里……。无水首受故且兰，南入沅。”又《水经注•无水》载：“沅水出故且兰县，南流至无阳县，无水又东南入沅。”非常明确地阐明了潕水(无水、沅水)发源于且兰，第一个经过(首受)地且兰(即今天的贵州黄平旧州)，这是存在着的事实。
旧州，苗族叫“旺介”或“旺遮”，翻译成汉语为“皇城”或“皇帝居住之地”。那么，为什么又出现一个叫“且兰”的名称来?其实“且兰”和“旺介”或“旺遮”是同意语。“且”是苗语中所谓的“城”，比如，镇远城，苗语叫“且锡怨”，黄平城叫“且希用”。而“兰”呢?就是苗语中的“人”。“且兰”译成汉语也就是“居住着很多人的城”，简称“且兰”。苗族社会历史以来都是一个平等的“上无君主”的社会。你不看在榕江县的苗王庙，那里供奉的苗王，并没有穿着华丽的服装，而是一个穿着草鞋的老者。由此可以看出，且兰王所统治下的社会才可能是“俗好巫鬼禁忌，寡畜生，又无蚕桑，故其郡最贫”的地方。
我们这里说他是王或皇帝，可能都不妥。那个所谓的王或皇帝充其量是个寨老或巫师。只是说他在那个国度里威望和地位高点而已。旧州和偏桥(现施秉)是一河相连，相差只有几十公里，这在战国时，向为“滇前楚尾”。就在这里，我们也发现一个叫“旺间嘎”(汉名叫黄平街)的地方，那么这个地方是且兰统治下的一个村落十分可能。其左证是偏桥(施秉)发现了编钟。编钟兴起于西周，盛于春秋战国直至秦汉。近代，在中国云南、山西和湖北等地的古代王侯贵族的墓葬中，曾先后出土了许多古代的编钟。其中最引人注目的是在湖北随县曾侯乙墓发现的曾侯乙编钟。1978年，湖北随州南郊擂鼓墩的一座战国时代(约公元前433年)的曾侯乙墓出土的编钟。无独有偶，1992年下半年，黄磷厂职工宿舍在挖地基时，出土了两件文物是青铜器，它酷似编钟。与曾侯乙墓出土的编钟风格一样。而与云南、山西区别太大。湖北为古楚地，能在施秉发现这样的文物实体，这在贵州是首次发现。它的出土，将施秉向前推进了2000多年的历史。同时，也证实旧州和施秉在汉之前曾为楚地，编钟是王公贵族权势的标志，那么，庄乔入黔并带来了编钟或是偏桥曾就是这个楚国的属地吗?可能性最大的是庄乔到来，这里才成为楚国属地或属国。或者，且兰本来就是楚国的属国或属地。
我们知道，在明朝之前，施秉至黄平一带都是苗族居住，也就是郭子章所说的“四面皆苗穴”，明白无误的证实，这些地方在明代之前皆为“化外之地”。又因为是化外之地，其中原政府很难经过这些地方通达云南。我们所说的“五尺道”、“驿道”和“古通道”，其实都是一个时代前后的问题。秦有“五尺道”没经过这里，元代修“一线路”那也是零星把戏，没有正式通行，中原政府要去云南，多是走“僰道”，也就是从四川宜宾县再转向西南行。能通云南的捷径应该是明代，也就是奢香夫人以偏桥(现施秉县城)为中心的“龙场九驿”。 明洪武十六年(公元1383年),贵州都指挥使马晔,执大汉族主义偏见,无端污辱袭贵州宣慰使职的奢香。奢香忍辱负龙场九驿残存路段和桥梁重，上京面见朱元璋，状告马晔。朱元璋召回马晔，定以“开边衅，擅辱命妇”之罪，将其下狱，并赏赐奢香金银及丝织品等物。奢香为报答朱元璋的恩典，愿刊山通道以给驿使往来。奢香回到贵州后，一面宣扬朝廷的威德，使人心安定，一面履行诺言，亲率各部，组织投入巨大的人力物力，披荆斩棘，开辟了以偏桥(今施秉县城)为中心的两条驿道：一条经水东(今贵阳东北)过乌撒(今威宁)达乌蒙(今云南昭通);一条向北经草塘(今修文县内)，六广(今修文六广镇)至黔西、大方到毕节二铺迢迢500余里，史称“龙场九驿”。

那么，“庄乔溯沅水伐夜郎，军至且兰，琢船于岸而步战。既灭夜郎，因留王滇池”又是怎么样一回事?《史记·西南夷列传》：“庄蹻者，故楚庄王苗裔也。”也就是说，庄蹻是楚庄的后代，是个苗族。到了楚威王时，派庄蹻去西南攻打夜郎。他是溯沅水而上的，到了且兰之后，他把船停放在且兰这个地方，然后去攻打夜郎国的，后来灭了夜郎国后，去到滇池，并在那里建立了国家，自己当上了滇国的皇帝。《史记》的语句写得十分的简洁，也十分的明确。庄蹻到且兰显得十分的平静，他的军队把船停放在且兰国领地，且兰国王没有一点意见，这就说明且兰国王和庄蹻明显有某种关系。从族别来说，他们均为“苗裔也”。否则，浩浩荡荡的楚军压境，并不损一船一舸，而且还放心的去攻打夜郎。如果不是这种“苗裔”关系，能办到吗?至于又有且兰被灭而建成犍为郡，那是后来的事。也就是司马迁《史记•西南夷列传》所载的“及至南越反，上使驰义侯因犍为发南夷兵。且兰君恐远行，旁国虏其老弱，乃与其众反，杀使者及犍为太守。汉乃发巴蜀罪人尝击南越者八校尉击破之。会越已破，汉八校尉不下，即引兵还，行诛头兰。头兰，常隔滇道者也。已平头兰，遂平南夷为牂牁郡。夜郎侯始倚南越，南越已灭，会还诛反者，夜郎遂入朝。上以为夜郎王”那件事。

关于“牂牁”。有人说是乌江，有人说是盘江，还有人说是蒙江，更有人扯得远点，广西右江也加入了“牂牁”的行业。很多人都是拿出了自己的证据加以证实，并且都说证据都“无懈可击”。一条小江，能引起大家“众说纷纭”，充其量是想把自己地方的历史拉得长一点，以满足“历史悠久”的心态罢了。
说“牂牁”是乌江，最早见于清康熙时的贵州巡抚田雯所著的《黔书》上，田雯十分肯定“牂牁江即今乌江”。清嘉庆年间进士张澍在他的《续黔书》也跟着打呵声：“牂牁江即乌江西无疑”，他们的根据来自于《华阳国志》中的“改且兰为牂牁”而定牂牁即乌江之说。其实他们的说法，就是源于明嘉靖年间思南知府洪价的《思南府志》和万历末年浙江宁海人王士性的《黔志》。但他们都没有读《史记》所说的“江广百余步，足以行船”概念。

蒙江说的理由，是明万历间贵州巡抚郭子章所著的《黔记》，因书中有 “定番(即惠水)有牂牁江”的说法。他们不知道“沅水”的流向，水系都弄错了。
而广西右江说，根据来自于明高辑的《三江源流考略》和清周作楫主修的《贵阳府志》。高氏说：“牂牁江，源出云南土富州，入四川境，到剥塞市合泗城江，下四州、奉仪，至合江镇与交趾江合”，《贵阳府志》亦云：“郁水为今西洋江”。和前“说”一样，均犯了同样的错误。

北魏郦道元《水经注》记载了牂牁江的水道情况。《水经•郁水注》条下说：“郁水即夜郎豚水也。豚水东北流迳谈藁县东，迳牂牁郡且兰县，谓之牂牁水。”这里说到了“且兰”，也说到了“牂牁”。既然都认可了且兰，为什么不认可牂牁的存在呢?

清乾隆五十三年(公元1788年)暑朝议大夫、镇远知府蔡宗建就曾对“夜郎、且兰、牂牁”进行过考辨。他认为“夜郎、牂牁，名称不一;城域、治所，亦无确据。然自偏桥以西，镇远以东，辰、沅以上皆其地。”理由是“沅水源于潕水”。潕水就是舞阳河，又称无水，源于黄平旧州之都凹山，与瓮安之清明山诸溪水合流。《水经注》云：“沅水出牂牁且兰县，为旁沟水是也。”只有在这条河才可能有“椓船处”。应该说，且兰当在镇远、黄、瓮之间。然则，且兰之名先于牂牁，而夜郎乃统属之称，故有夷州之夜郎、珍州之夜郎。当时称夜郎的地方很多，夷州之夜郎、巫州之夜郎、播州之夜郎、龙标之夜郎。夷州，则思州、石、思皆其地;珍州，则正安，桐梓、蜀之綦江皆其地;巫州，则辰、沅、靖皆其地;播州，则平越、遵义皆其地;龙标，则黎平、铜仁皆其地。人们只知播、蜀之为夜郎，而不知镇远以东，辰、沅以上皆夜郎也。其上述所说的“夜郎”是为郡县，非“夜郎”国。虽然秦汉而来，全国都建立了郡县制，但那时的夜郎不是郡县而是国家。所以他的结论是：“然【夜郎自大】，恐未内附，何得而郡县之?或如今之交趾，缅甸郡县而不属之内地耶?”由此，将乌江作为“牂牁”不可能。为什么呢?因为“荘豪遡沅水至且兰，椓船于岸而名牂牁”的。沅水不通于乌江。乌江也就不是牂牁江。现在大家用的史料都是根据《后汉书》云：“楚将荘豪，循沅水至且兰伐夜郎，椓船于岸而名牂牁。”这些史料《华阳国志》、《黔书》、《续黔书》、《思南府志》、《黔志》等等，但每一种志书都有意无意将“循沅江”或“泝沅江”三个字去掉。贵州的水道只有几条，它们或入于蜀，或入于楚，可入于粤。入蜀入粤的与且兰无关。只有能入楚并与且兰扯上关系的舞阳河，才可能是真正的牂牁江。

黄平旧州是且兰故地，牂牁江就是潕阳河。

 
",http://www.julanhp.com,"['/UploadFiles/hpxw3/2015/1/201501041009331702.jpg', '/UploadFiles/hpxw3/2015/1/201501041009325835.jpg', '/UploadFiles/hpxw3/2015/1/201501041009347800.jpg', '/UploadFiles/hpxw3/2015/1/201501041009333463.jpg', '/UploadFiles/hpxw3/2015/1/201501041009332745.jpg', '/UploadFiles/hpxw3/2015/1/201501041009321512.jpg', '/UploadFiles/hpxw3/2015/1/201501041009325357.jpg', '/UploadFiles/hpxw3/2015/1/201501041009345081.jpg']",2015年01月04日, 潕阳河就是牂牁河 
7,"

就是在那样一个节日，我们才有机会共沐人间的烟火，同浴满天的霞光。
于是，我去了，带着我的思绪，拣着那款磨损得光亮的相机装入行囊，将节日里你我和她的故事清点和收藏。
谷陇的会期每年都是九月举办，今年缝闰九月，所以按排时间是在后九月举办，这时间可不再是秋天了，时令已进入了冬天。我是在节日的前一天就到谷陇镇的。其目的有二：一是想去了解一下一年来谷陇镇的变化，二是与好友们叙叙旧。
谷陇镇是黄平县的三镇之一，辖34个村委会，102个苗族自然寨，居住着近六万人。其中苗族人口占全镇总人口的98%，是一个典型的少数民族聚居地区。
别看这里不大，街道也很拥挤，这可是贵州省最大的民族农贸市场。不信你可以到它的街道走一走你便知道：凡农村生产农具，如犁铧、钯沟、玡噹、搭斗，到生活所需的笆篓、篮子、馓子、渔具，再到制作苗族服饰用品，什么手工刺绣、染料、捶布用的木墫……什么都有卖的。想给你家小美女打扮一下吗?也没关系，现存的精心打制的银帽银项品样不少，一针一线手工的锦衣长裙鲜艳得很……每到赶集的日子，这里的商人一改过去含蓄的面孔，也高声地叫卖着自己的商品，这就是谷陇。

谷陇镇这几年发展很快，已兴建好的工业大道总长居然达到3.3公里，宽36米，双向六车道。一条两公里长的商业大道也在正北门外拉直建好。其所谓的谷陇工业园区位于就是在镇的北面。以谷陇镇白水河为中心，横穿苗陇、谷陇。以谷陇镇为轴心，西北面沿东谷公路至上青塘，北沿凯施公路至苗陇乡龙洞河，东面至谷陇大寨，总面积1167.48公顷……谷陇真的变了，变得让人眼光缭乱，你不得不偑服这苗乡人的智慧的胆识。
我是谷陇的常客，对于这里的人我十分的熟悉。不过，如果你是外乡人也不要为不熟悉当地人而担忧，因为在我们苗乡无论你走到任何一家去，你都会成为座上宾的。主人会拿出最好的饭菜招待你的。酸汤鱼是这里人最好的特色菜，他们会提前一天去田里抓取回来等待着你的到来，鸡鸭会在你到来时抓得“咯咯”的叫，然后按着他们的方式煮着或炒着——这一点还真的不变，他们一直都沿习着传统的制作方式弄好，搬到长桌上来与大家共享的。

龙俊是位来自遵义市的中学老师，当他提着自己的相机在大街上摄像，见到一大群妇女对着饮酒，还唱着酒歌，很好奇地问我：大街上唱歌不害羞吗?我笑着说：这没什么害羞的，这才是苗族嘛。他还是有点理解不透的。直到那天我们去刘析老师家吃饭时，我们老老少少不仅喝酒吃饭，都还唱起苗歌来，结束时还打上花猫，他才真正的感觉到什么是苗族。当他回去之后，他打电话过来告诉我，他对苗族的看法有了全新的看法：苗族是个快乐的民族，而且一直都是在快乐着。他十分羡慕苗族的这种生活方式。而再到后来，他说他也是苗族，其原籍正好是苗陇的，因为清末苗族起义被镇压后，其先辈为逃避追杀而离开黄平、去了凯里龙场，后远去了瓮安，到了他这一代因工作关系才到余庆定居的。他认为：芦笙节是个节日，可确是划过心海的欢乐，他为自己曾经是苗族而骄傲，也为自己参参加这样的节日活动而自豪。

往年的九月芦笙会几乎都是下着雨的，今年确不同，前一天还濛濛细雨，二十七日的这一天则“老天有眼”——放晴了。早晨，当东方的太阳露出一抺阳光时，谷陇的大街便沸腾了。斗牛在天明之前赶到了斗牛场地。一大梱大梱的芦笙从一些车上搬了下来。叮当作响的银衣已在街区游动。老的少的皆着银饰，汇成一片，如流银一般向游行的集结走去。苗地不产银子，可这里的苗族人总是千方百计弄到手。明清这个叫“深苗区”的“瓮谷陇”(谷陇原叫瓮谷陇)，开始“稍有富者，均衣作银”了。这里的银饰多取材于猫、虎、狗、马、鱼及花鸟草虫和人与虚拟动物图腾，构图古朴简洁，形象粗犷明快，制作精巧，花样古朴，富有想象力，有浓厚的地方民族特色。

作为摄影爱好者，你的镜子不仅要对准美女，还要对准俊男。老人们的衣服也很不错，比较传统，比较典型。谷陇人总是在衣着上“与时俱进”，他们把自己的衣服从最早的黑色，到紫色、再到红色，样式也翻新了好多道，而这种万变却不离其“宗”，传统的元素永存着，让美发展到了极致。以至于有的文化学者说，她们才是真正的美好生活创造者。
谷陇九月芦笙会不仅是黄平谷陇人的，也是各地各民族的共同节日，这是一个各民族都喜欢的节日。看看游行队伍就知道，就苗族都是来自四面八方，凯里的，施秉的、台江的、贵阳的……还有远隔六百公里以外的贞丰的。他们虽然服装各异，配戴的饰物也有不同，可他们都认可：我们都是有一个共的名字——叫苗族。汉族来了，布衣族来了、侗族来了、仡佬族来了，……他们都认可：我们都有一个共同的名字——叫中华民族。此外，这里还有来自法国等国的国际友人。

苗乡出才女，当然也出才人，在全省甚至全国有知名度的当地艺人也纷纷扬扬地跑来了。在开幕式上，阿幼朵、杨胜文、阿娜丹 、杨一方、杨光合、潘兴周、欧桑等一一悉数登台亮相，给节日增添靓丽的风景。音乐舞蹈无不渗透着民族文化的精髓，散发着苗族人民的智慧与欢乐。
苗族是个快乐的民族，无论是顺境或是逆境，富裕或贫穷，他都是快乐着。而节日是划过这个民族心海的那一片欢乐，但愿这样的快乐是永恒的。





",http://www.julanhp.com,"['/UploadFiles/zjhp/2014/11/201411260902131665.jpg', '/UploadFiles/zjhp/2014/11/201411260902137851.jpg', '/UploadFiles/zjhp/2014/11/201411260902148393.jpg', '/UploadFiles/zjhp/2014/11/201411260902141753.jpg', '/UploadFiles/zjhp/2014/11/201411260902179157.jpg', '/UploadFiles/zjhp/2014/11/201411260902147636.jpg', '/UploadFiles/zjhp/2014/11/201411260902148937.jpg', '/UploadFiles/zjhp/2014/11/201411260902170631.jpg', '/UploadFiles/zjhp/2014/11/201411260902176187.jpg', '/UploadFiles/zjhp/2014/11/201411260902171407.jpg', '/UploadFiles/zjhp/2014/11/201411260902181725.jpg']",2014年11月26日, 划过心海的那一片欢乐——黄平谷陇九月芦笙会纪实 
8,"

笔挺、沧桑而生生不息的“丝栗王”主干
在贵州省黄平县国家级文物保护单位——风景名胜区飞云崖拱形的大官厅殿后，高高挺立着一株苍劲的古树，从茂密的原始森林和参天的树群中，如果不是从植物学和林业研究的角度去仔细赏析，到这里旅游的人们，谁也不会想到这飞云古刹内竟然“隐居”着一株千年“丝栗王”。
丝栗，又称“湖北栲”，也叫“川鄂丝栗”等，是我国林木类生命力最强的常绿树种之一。它多分布于贵州东部、湖北西部、湖南西北部、四川东部海拔600至1300米之间山地和额斯特岩层中，常与其它本科植物混生。由于它具有材质细腻、坚硬，纹理高雅，不容易开裂和蛀虫等特点，是人们打造建筑物和家具的上好木料，因而目前能保存有上百年树龄的湖北栲已为数不多。
据飞云崖民族节日博物馆的工作人员介绍，这株湖北栲的诞生年龄要比官方于明洪武26年(1393年)以后在飞云崖设立官道驿站、修建庙宇的时间要早至少400余年。这株需要3个大人才能合抱的“树王”高25米，枝叶覆盖面达近300平方米;树皮呈灰黑色，以反时针方向往上扭曲的树身长满了粗壮而苍劲的鳞片。从这株“丝栗王”上那些些分支受历代暴风雪雨的不堪折磨而支离破碎的沧桑痕迹来揣摩，可以看出这株湖北栲已经有不下1000的历史。虽然树冠上的部分枝头已经枯朽，但主干的生命力没有丝毫衰老之相。也许是因这株“丝栗王”具有超强的生命力和繁殖力等原因，从占地100多公顷飞云崖景区的240余种植物中，其子孙就占据了这里的半壁江山，湖北栲在飞云崖景区内蒸蒸日上和繁荣昌盛的能力可见一斑。

被当地群众供为神树“丝栗王”

拱形的大官厅身后就是葱郁挺拔的“丝栗王”与它的后代们

鹤立于古树群中“丝栗王”更彰显出与众不同的高大形象
 
",http://www.julanhp.com,"['/UploadFiles/zjhp/2014/11/201411260850070071.jpg', '/UploadFiles/zjhp/2014/11/201411260850067276.jpg', '/UploadFiles/zjhp/2014/11/201411260850074601.jpg', '/UploadFiles/zjhp/2014/11/201411260850085194.jpg']",2014年11月26日, 飞云崖隐现千年“丝栗王” 
9,"
 

为加快全州世行贷款实施文化与自然遗产保护和发展项目的建设步伐，提高各县市项目办项目管理、财务等工作人业务水平，黔东南州世行项目办财务、管理人员培训班于2014年5月26日在凯里开班。根据培训课程安排，5月27日上午，由全州十一市县世行项目办财务及管理人员组成的考察团到黄平县旧州世行项目点观摩考察。

考察团一行在县相关部门负责人陪同下，到该县旧州世行项目点进行考察。考察团分别参观了西上街古民居、天后宫、达源发民居、朱氏民宅、天主教堂牧师楼的修缮情况。在县旅游局相关负责人的介绍下，考察团对该县旧州古城的宗教文化、历史文化、红色文化、建筑文化以及该县旧州世行项目的工作推进情况有了深入了解，并对该县旧州世行项目工作取得成效给予了充分的肯定。考察过程中，考察团各成员单位就如何提高管理水平，更好的对项目实施管理，为全面完成省世行办下达的目标任务相互交换了看法和意见，并就此提出了建设性的建议。
通过此次世行项目观摩会在旧州古城的召开，将进一步推进黄平县旧州古城国家AAAAA旅游景区建设步伐，促进资源优势向产业优势、经济优势、效益优势转化，呈现了旅游产业后发赶超的发展势头。
 
 
",http://www.julanhp.com,"['/UploadFiles/hpxw/2014/5/201405291113234321.jpg', '/UploadFiles/hpxw/2014/5/201405291113230228.jpg']",2014年05月29日, 全州世行项目观摩会在黄平县旧州古城召开 
10,"
 
 
舞阳湖以前虽然常去，但每次去均是随朋友们去游玩一阵就返回，没有很用心去感受她、去读她。如果不是我们县作协组织的这次采风活动，还没有真真正正的感受到她是一个清清凉凉的地方。
四月，被称为“最美人间四月天”、“春天中的春天”。在这样一个春意酥怀、最美好的时节组织这次采风活动，的确是一件很惬意的事。
黄平四月的天气，就像小娃娃调皮的脸，一时哭、一时笑，让人捉摸不透。前几天，还是绵绵不断的雨天，4月26日这天却是一个难得的晴好天气，给我们这次活动平添了几分好心情。
这次活动，我们先后参观考察了槐花工业园区、旧州古镇的西上街、仁寿宫、草绿坪花卉基地、草绿坪村级群众服务中心、寨碧村的精米加工厂、家具厂、寨碧的村貌风光等。舞阳湖是我们最后一站。
尽管参观完寨碧村准备前往舞阳湖时已快四点来钟了，但是，大家还是异常高兴。为了更好的观赏到舞阳湖的景色，这次去舞阳湖的路，我们听从了旧州镇领导的建议，选择从寨碧村高坡牛进入波洞，沿舞阳湖北湖的环湖路边走边看。
其实，要去舞阳湖看风景，从寨碧村进入也是一个很好的选择，因为从寨碧开始你就已经在看风景了。
在寨碧村寨里走，映入你眼帘的是小桥流水，错落有致、别墅式的漂亮民房，沿路或自然或人造的绿化、干净整洁的卫生环境，可以说步步是景，从哪个角度看都是一幅美丽的画卷，我们仿佛就在画中。当然，我还是更喜欢穿出寨碧大寨后铁匠坡、高坡牛这一带的田园风光。远远望去，宽阔平坦的田坝东、西、南三面是覆盖茂密树林低矮的丘陵，白色基调的漂亮民房散落掩映在树林中时隐时现，间或田坝中央或有一竹林或一片果林间映现几幢漂亮小洋房，让人赏心悦目，我就喜欢这种田园风光感觉。当然不只是我，同车的杜正林、杨明祥、罗世成也赞不绝口：好漂亮的田园风光呀！
从高坡牛进入舞阳湖也是一道美丽的风景。车在茂密的松树林里穿行一段路才进入波洞，连接环湖路，这便是舞阳湖范围了。
由于这环湖路在湖岸的山脊上走，从上往下看舞阳湖的确是一件很美的事，加之湖岸曲折迂回，蜿蜒绵延（据说这北湖的环湖路约有4公里左右），可以从各个角度尽情欣赏舞阳湖美景。
车行至波洞境内，舞阳湖已经展现在我们眼前，由于我们在山脊上走，仿佛舞阳湖就在我们脚下。为了更好的欣赏舞阳湖景色，我们干脆打开车窗，放慢车速，边走边看，尽情欣赏。
舞阳湖真的很美，犹如一颗玲珑剔透的明珠镶嵌在群山环抱之中。极目远眺，烟波浩渺，奇峰耸立，由于多年来对舞阳湖的有效管理，湖中每个岛上植被非常完好，更显得层峦葱茏，林木苍翠，景色非常迷人。大家不由异口同声的发出赞叹：舞阳湖真美啊！此时，一阵阵清凉的微风吹来，夹杂着路边金银花及各种野花的香味，真是沁入心脾、凉透心头，让人心旷神怡。
车在弯弯曲曲的湖岸上就这样一边欣赏着美丽的湖光山色，一边吮吸着这种清凉的空气徐徐前行。我们仿佛置身于一种梦幻般的世界里。
到坝基后，我们又乘坐游船环游舞阳湖。刚进到船内，阵阵河风吹来，真是凉透心底，惬意万分。
船开得很慢。坐在船上欣赏舞阳湖，又是一种别样的感受。
船先开进北湖。由于北湖湖面平直开阔，远远的可见湖边星落其布的苗寨，家家户户掩映在翠绿的林海中。湖岸上，随处可见悠闲自得的垂钓者。
进入南湖，湖面狭窄得多。船在两个岛屿间穿行，可以清楚的看见每个岛上高大茂密的松树林、灌木林。游船所到之处，常常惊起一群群的野鸭或白鹭……
船行舟移，我们一边欣赏美景，一边贪婪的吮吸着这清新透凉的空气，平日疲惫的身心得到尽情的释放。
船家叫李大友，是一个爱说话的热心人，他不厌其烦的介绍舞阳湖春夏秋冬的景色和发生在舞阳湖的迭闻趣事。他说：舞阳湖关闸蓄水不久他就在这里干起了这行当，由于舞阳湖景色美丽，空气清新，吸引着远近的游客、垂钓者来这里观光、休闲，我爱这片湖水，是这片湖水让我有了挣钱的路子，我更爱这里的一草一木，是这一片片岛上保护完好的树林积蓄了这清凉的空气，即使是酷热的夏天，这里仍然很清凉，喜欢“躲”进这舞阳湖里，不想出来，不想去其他地方。当然，在酷热的夏天里，还有很多“聪明”的人躲到这里来钓鱼的，有的人一来就呆上个把月，与其说，他们来钓鱼，不如说他们来避暑……
吮吸着这透凉的空气、听着船家讲的故事，我不知不觉中进入梦香，梦见自己成了一位仙人，畅游在美丽的蓬莱仙岛。等大家喊下船醒来时，才发现同行的人也睡着刚醒，不知道他们是不是做着和我一样的梦？
晚餐在湖边船上进行，吃的是正宗的酸汤鱼，老板说，鱼是湖中的鱼，难怪非常可口。在吃晚餐时才发现吃饭的人非常多。听口音，很多人都是外地人，想必也是冲着这里美丽的风光和清凉的空气来的吧。店老板说，要是在夏天，来避暑的人更多，这里开的几家店家家爆满，忙都忙不过来。
在回黄平的路上，我在想，作为黄平人，我们能有这样一个清清凉凉的好地方好去处，是几辈子修来的福气啊！随着舞阳湖的引资开发，她将以更加靓丽的姿态吸引县内外的客人来这里体验那种神仙般的生活。
",http://www.julanhp.com,[],2014年05月22日, 舞阳湖，一个清清凉凉的地方 
11,"
 
 
在贵州，旧州历史，不可不久；旧州之名，不可不盛；旧州文化，不可不繁。
旧州得名，虽始于清康熙二十六年（1687），但从文献资料提供的情况看，旧州历史可以追溯得更远。春秋时期（公元前770年——前476年），当时在今贵州境内即有且兰古国，那时，旧州即为且兰属地，且为且兰治所。旧州系湘楚沅江流域之发源地，很早就与中原往来，维系着西南边陲与中原大地之间的交流与沟通。在这片土壤中，凝固着两千多年的文化积淀。
旧州，苗语叫“旺珍”，汉语意为“皇城”———皇帝居住的地方。由此可推知：旧州土著人即为苗族人，汉族人口应该是后来迁徙的外来人口，主要是明清时期“调北征南”的“屯军”， 清代屯军进入旧州多于明代，这些从江浙四川两湖两广等外省调遣来戍守的士兵设屯安家、世为军籍,就在当地居住下来，这些外来人口大多是“客家人”，即汉族人。
旧州文化得益于舞阳河。舞阳河是长江支流沅江的支流，其河口为沅江与沅江上游清水江的分界点。发源于贵州省瓮安县长林乡，流经旧州、施秉县、镇远县、岑巩县，在玉屏县出贵州境，进入湖南省，汇入洞庭湖，注入长江。据《黄平县志》记载：“舞阳河即古牂牁江”，《黄平州志》上记载舞阳河“百货多由之”，可见，由于舞阳河的通航，她将中国古代绚丽多彩的夜郎、荆楚、湘鄂、巴蜀和佛、道、儒、天主、基督教及当地少数民族文化汇集于此，使舞阳河上游的旧州古镇成为了灿烂厚重的文化发达之乡。
一．人文文化
由于舞阳河通沅江、灌洞庭、注长江，接中原，又加上旧州在明清时期就是滇黔赴京驿道的必经之地。由此，我们可知，旧州原是舞水的终点码头，商贾往来频繁，货物集散不绝。古驿道上“山间铃响马帮来”，将旧州丰富的特产和水运货物驮往四方，又载回其他商品和农村山货。由于经济繁荣，物产丰饶，旧州成为了当时黄平州的经济、文化、政治中心。外地人不断涌入，或经商，或屯戍，或定居，外国传教士也前来传教，于是，旧州人口不断剧增，街道逐渐扩展，庙宇会馆兴起。旧州城内，高墙深巷，纵横交错；古典建筑，鳞次栉比；楼阁庙宇，林林总总。在旧州，你看不透她，你只能体会她的厚重文化底蕴。
她市巷繁多，星罗棋布，有北门街、西大街、十字街，马锭街、木匠街；有郭家巷、马家巷、刘家巷、褚家巷、财神巷、中全巷。
她建筑独特，别具风格，有文庙、城隍庙、江西临江会馆、两湖会馆、四川会馆、福建会馆、指挥庵、长庚阁等“九宫八庙三庵四阁”。这些古建筑群，让你仿佛置身于江南古城。
她人文荟萃，红色经典，旧州有抗清名将、著名的民族英雄史可法塑像和晚晴名臣石赞清塑像，有郭沫若生母杜邀贞故居；1934年10月，中国工农红军长征时路过旧州，在旧州天主教堂获法文版《贵州地图》一张，当年红六军军团长肖克将军请法国传教士勃沙特将这张地图翻译成中文，这张贵州地图为红军顺利走出云贵发挥了重要作用。旧州有红军长征纪念碑，有抗日战争美国空军飞虎队大队长陈纳德将军的高大雕塑，有抗日机场，有革命烈士陵园等等人文景观。
旧州人文文化堪当大任的应该是旧州教育。旧州教育最早要追溯到宋代办的官学，据《黄平州志》载：“旧城学宫，原建于东门凉伞坡，圣像为范铜，相传来自唐宋。”清代，旧州即创建“星山书院”，光绪二十九年（1903年）改“星山书院”为“星山小学堂”，民国元年改为“黄平州官立第二两等小学校”。1932年，旧州有识之士创办“中正中学”（旧州中学）。之后，旧州教育事业蓬勃兴起，相当的村庄都办有私塾或民国小学。教育的兴起，对培养旧州人才起到了极其重要的作用。从旧州这块书香土地走出了国务院津贴获得者，高级知识分子，各级政府官员，各类共和国的建设人才。“常氏三兄弟”、“王家三姐妹”、“郑家四弟兄”就是其中的佼佼者。
除此之外，旧州驻军，旧州剿匪，旧州民间文学，旧州民风民俗，无不对民众的精神需求提供丰富的营养。
二．建筑文化
旧州因为受江南文化的影响，镇上建筑绝大多数是古建筑群，是巴蜀、湘鄂、外来文化和宗教文化与当地民族民间工艺在特定社会历史条件下相融合的产物，精致典雅，别具特色。古镇的建筑多有“风火墙”（“码头墙”），仅从外表看，与古徽州的建筑风格相似，这与明代迁居此地的移民多来自江南有关。古镇内寺庙会馆众多，城内有“九官八庙三庵四堂”。其建造独特，工艺精致的有文庙、城隍庙等。会馆有四川会馆（川主庙）、江西会馆（万寿宫）、临江会馆（仁寿宫）、福建会馆（天后宫）、江南会馆、朱氏宅院等。庙宇亭阁会馆之多，在历史上可为贵州之最。旧州有东南西北四座城门，另有小西门，设炮台千座、出水洞5个、水门洞1个。旧州古镇房屋仍保留着明清时代的建筑特色，古朴精湛，气派壮观。江西临江会馆--寿仁宫，位于旧州古镇中街，始建于清乾隆五十一年（1786年），光绪十四年（1888年）重建。它宽17.6米，深51米，占地面积897.6平方米，有戏楼、有正殿、三步廊，其雕刻精美，工艺精湛，是现今较好古建筑之一。 旧州古镇西下街的天后宫，始建于清道光十七年（1837）年，咸丰五年（1855年）毁于兵火，光绪二十七年（1901年）重建。在后宫周围砌高“风火墙”，占地 1220平方米，今有两殿及厢房4间，有四廊、两阁、藻井和花台等。天后宫为福建会馆，主祀海神天后。也是古镇保存完好的古建筑之一。可以说旧州古建筑是江南建筑的典范和中国古建筑艺术的大观园。国家历史文化名城专家委员会秘书长王景慧教授评价说：“黄平旧州古镇的建筑规模、数量、工艺是我在西南看到最好的一处，特别是街道之宽阔足以说明它当时的繁荣和辉煌。”文物专家则称赞“旧州乃文物首善之区、胜迹之最。”“保护历史景观，乃保护文化之根本。”
当下的旧州民居，大部分为两层楼的砖木结构小洋房，既有当地的民族风味，又有新派的建筑特色，这些建筑，都洋溢着时代气息，体现新农村建筑风貌。
三．商贾文化
旧州明清时期是舞阳河的终点码头，当此之时，必是车马喧阗，货运繁忙，百货杂陈，商贾云集。历史上又是郡、府、州、司、卫、县、镇治所，历来市井繁华，经济繁荣。市面商铺，多有柜台，是明清典型的铺面形式。明清时期到民国三十五年前的旧州，商贸业和手工业十分发达。镇内街道多，巷子多，水井多、作坊多，茶馆多，烟馆多、戏台多，外来人口多，外来人口中经商人员多，理发店多，缝纫店多、木器加工坊多、各种小吃饮食店多、各种商号多等等。市面经营的，除了当地的土特产品外，还有当时外来的泊来品甚至洋货。旧州镇内，染坊颇多，特为旧州以及黄平地区的少数民族染印土制布料；旧州老里坝豆腐作坊特别多，豆腐制品品种多，味道好，尤其是旧州豆腐干最为有名，远销省内外，驰名黔东南。老里坝、川心堡的榨粉作坊特别多，尤其是川心堡的米粉历来受到人们的追捧。北门街的榨油坊也很多，专门为旧州地区乃至黄平生产菜油。石牛、红梅出产石膏远销湖南等地。百子桥纸坊出产的草纸，专供旧州地区四周县市百姓作祭祀冥钱。随着商业的发展，带动了旧州钱庄、粮行、会馆的兴起。据《黄平州志》记载：旧州赶集“西门场晨戌日集，北门集丑未日集”，可见当时旧州民间贸易十分活跃。即便是到了现在，清晨的旧州，卖肉买豆腐买日杂的小商贩，走村穿巷，满街叫卖的市俗有增无减。
四．农耕文化
精神文明离不开物质文明的基础，旧州的农耕文化曾十分发达。明清以来，旧州的丘陵，山地垦殖面积不断扩大，旧州郊外四周山麓，今皆为膏腴之壤。旧州有美丽富饶的万亩大坝，大坝至东向西由马溪屯坝、巢虎屯坝、川心堡坝、石牛寨坝、杨柳树坝、白子桥坝、较场坝、石官坝、老里坝、机场坝、红梅坝、谢家坝、平西坝、七里坪等分坝组成。大坝阡陌纵横，沟渠交织，土地肥沃。旧州阳光雨水充足，是黄平县的农业示范区，自古以来盛产水稻、小麦、油菜、洋芋、蔬菜等农产品。抗日战争时期，尽管生产力低下，旧州地区也提供了大量军粮。解放前后，川心堡、较场坝、北门街、东门街、老里坝盛产柑橘，1934年红军过旧州时，毛泽东、张闻天、王家祥曾在东门的桔园里召开了“桔园会议”，为遵义会议的顺利召开打下了很好的基础。旧州红桔，是有名的水果。种植水稻，是旧州农耕文化的骄傲！另有麻、桑、茶、果的栽种，代有珍品。
旧州农耕文化与中华大地的农耕文化如出一脉，炎黄子孙自古就会植五谷，饲六畜，农桑并举，耕织结合，渔櫵耕读，自给自足。旧州农耕文化，融入了本源文化的内涵，它包容了和谐、内敛、天人合一的儒家文化，集合儒、道、佛为一体，形成了自己独特的文化内容和特征。在漫长的农业生产实践过程中，人们通过千变万化的自然界，不断对天地的变化进行观察、总结，从月亮的阴晴圆缺观测万物的荣枯盛衰，从而发现地球与太阳的相对运行规律，并且形成谚语、民歌、歌舞、科技、风俗、祭祀等与农事有关的艺术形式。在从事农业生产实践中，他们精耕细作，兴修水利，不断改造总结农业技术，根据物候与节气从事农业生产，积淀了厚重而独具特色的农耕文化。
旧州博采天地之灵气，孕育了灿烂丰富的民族文化。旧州人聪慧勤劳，善于理财，善于接受新鲜事物，善于博采众长，为我所用，不断改变创造自己的生存环境，力争做得更好更美，应该说，旧州人得到了旧州文化的精髓。
 
 
",http://www.julanhp.com,[],2014年05月12日, 略说旧州文化 
12,"
 

图片来源于苗岭山人的重安（明.清.现代）三朝桥

图片来源于苗岭山人的碧水轻舟                      
 
图片来源于苗岭山人的小镇一隅
 
图片来源于苗岭山人的欢笑的革家姑娘
 
图片来源于苗岭山人的 热情好客的苗家阿妹
重安镇位于重安江畔,黄平县城南面，是贵州省“双百” 小城镇试点镇，是少数民族聚居的古镇。这里集聚着能歌善舞得苗族、革家，一年之中四季有节，有内容丰富的赛马、斗牛、吹芦笙、跳芦笙舞、对歌、斗雀等活动。
这里有重紫色，佩银饰，多刺绣，色彩富丽堂煌的节日盛装，有古朴耀眼的革家妇女盛装，姑娘们头戴垂珠红缨太阳帽，其额头上戴围头薄银片；有崇尚蜡染的革家，其穿戴用物无论是头帕、领口、背带、衣袖、手帕、围腰、提包、伞套等均用蜡染缝刺，蜡染为革家人古老的传统工艺，也是重安镇的著名特产，蜡染成品畅销国内外，被国家各级艺术馆、博物馆大量收藏，多次随贵州民间工艺展览和出国展示。
 
 

",http://www.julanhp.com,"['/UploadFiles/zjhp/2014/4/201404011755174020.jpg', '/UploadFiles/zjhp/2014/4/201404011755170476.jpg', '/UploadFiles/zjhp/2014/4/201404011755177020.jpg', '/UploadFiles/zjhp/2014/4/201404011755170663.jpg', '/UploadFiles/zjhp/2014/4/201404011755170038.jpg']",2014年04月01日, 【魅力黄平】春游重安江 
13,"
 

盘踞于马鞍山麓的半山古石埂梯田.
黄平县是我国石埂梯田分布最广、年代最久的地区。为了打造古石埂梯田旅游品牌，积极为申报国家级古石埂梯田文化遗产工作进行广泛宣传和提供翔实的资料，3月19到21日，贵州电视台科技站著名科研专家、记者李贤归在省水利厅水保站付宇文科长和黄平县水利局水保办负责人杨胜平等同志的陪同下，分别到重安镇重兴、半山和翁坪乡新街、杨家排等村寨就古石埂梯田群申报国家级非物质文化遗产项目工作进行深度采访。

半山村古梯田的避雨洞窟.
李贤归等人在采访和调研中，对黄平县各地保存完好的古石埂梯田群大为赞叹。从这些梯田垒砌的痕迹来看，他认为可以判断这些石埂梯田的历史从明朝已经形成。各个庞大而经典的造田工程常常让李贤归望而却步，驻守沉思，手上的摄像、摄影器材忙碌得不亦乐乎，深怕走漏掉每一个细节。
在重兴“百挑田”和“大湾田”拍摄时，他对古人能在马鞍山麓开垦出如此巨大的田块和庞大的梯田阵容激动不已，并对先辈们在水土保持、防洪排涝和保证农田旱涝保收等方面所发挥的科学智慧竖指称奇。

步步惊心的悬空梯之一
3月20日，李贤归一行冒雨来到翁坪乡新街和杨家排。在采访中，新街寨下的“云步悬空梯”和杨家排的“公平分水石”等古代稻作工程，深深地吸引着这位足迹遍布我国大江南北进行科技调研和采访的专家。这些古石埂梯田，无论是大的连片景点，还是一处小小基石，他都要细心地揣摩，并将其视为宝贝般地摄录下来。
3月21日上午，李贤归等人沿着30度以上的陡坡，爬到海拔1000多米高的重安镇半山村后山坡采访，他们对深藏于后山密林里的大片古石埂梯田群紧紧“缠绕”着，本来计划用一个半钟头就可结束采访的行程，谁知在这里就是花了近5个小时。他们先后在密林深处收录了古牛棚、古行道、古田坎和避雨洞等大量的第一手素材。下午2点，由于大家饥肠辘辘，一行才恋恋不舍地离开这片古老厅而神奇的梯田群，拖着兴奋之余的疲惫双腿杵着拐杖回到山下。
在历时三天的采访和调研中，李贤归人对黄平县具有数千年悠久历史的古石埂梯田群，在抵御山洪暴发、蓄水排涝等方面的贡献表示充分的肯定。并表示：下一步他们将对谷陇、黄飘等地的古石埂梯田进行深度采访和调研，并努力为黄平县古石埂梯田的国家级非物质文化遗产的申报工作作出积极的贡献。

古石埂梯田下的涵渠

",http://www.julanhp.com,"['/UploadFiles/hpxw/2014/3/201403241420538749.jpg', '/UploadFiles/hpxw/2014/3/201403241420569052.jpg', '/UploadFiles/hpxw/2014/3/201403241420584815.jpg', '/UploadFiles/hpxw/2014/3/201403241421009572.jpg']",2014年03月24日, 贵州电视台科研专家和记者到黄平县进行古梯田深度采访 
14,"

我的几个朋友从贵州民大来，邀请我去黄平县的一碗水乡，说是春天到了，去那个叫印地坝的村落走一走，那里的风景不错。其实之前，我曾去过那里，皆因太忙，没有太多的印象，只记得那涓涓细流边上，竹木依依，镶嵌着很多的村寨。
从黄平县城出发，沿204省道向西北前行，至罗朗后又往正北方向行走，这时的公路是乡村公路了。天上下着小雨，公路泥淋不堪，路面太滑。由于正在修建凯余高速公，长而大的货车挤占了公路的大半，我们的小客车经常被挤在外坎，令人提心吊胆。

这一带分布有很多的村子，村子小，显得十分的零散。树也不多，都是些黄色的草，路上也没有什么行人，还有点显得凄凉来。据说十几年前这里树不少，因为开发什么松脂油，树死了，运走了，成了木材开发商的原料来源。加之没有人种植，也就更显得荒芜了。只有车过了长岭之后，眼前的山才见到点绿色来。
车过长岭，前方显得宽阔起来，再过几道山梁之后，你才知道：你原来都是在山梁上行走。远方，山峰连着峰，横贯在前方，向东边延伸过去。一条河流自西南向东北流去，然后突然来了个180度大转弯，折向东南面的狭谷里去了。河流就在这眼前，将一坝田园分成东西两半。河流就是潕阳河，它从旧州古镇下来时，一直流得比较平缓，且呈“之”字形流动，也只有到了这里后，才来这么一个大转弯，彰显了它“澎湃”的个性。
坪东是潕阳河畔的一个村寨，河水就是在这里向东南大折流的。而坪东河口就离村寨不远，它海拔仅600米，为一碗水乡的最低处。坪东，是潕阳河古代码头之一，明清时期，这里遏守要冲，上下往来船只多在这里靠岸停泊。坪东可是一个有文化的地方，就在潕阳河坪东的转湾处一天然溶洞，还留存着清代摩崖，名叫“步云洞”摩崖石刻。该摩崖约2方，离地5米。其一为“步云洞”摩崖石刻。横长形，高0.3米，宽0.4米。横向楷书阴刻“步云洞”3字，每字0.2米见方。无款识。其二为“直步云梯”摩崖石刻。横长形，高1.4米，宽2.4米。横向楷书阴刻“直步云梯”4字，每字0.6米见方。下款行书阴刻“光绪辛丑年”。刻于1901年。现已成为黄平县文物保护单位。
印地坝自然寨子在就坪东的西面，它的临河面是很大一片田园，有几百亩之多。田园零星的种着油菜。初春的时令，我们多少也能见到一些黄色的油菜花来，算是给这大片田园的点缀吧。
印地坝是个苗族的村寨，它是印地坝行政村最大的自然村寨，有人口五百多人。我不知道这样一个村寨为什么会取一个“印地坝”的名，这让人确实摸不着头脑。翻了《黄平县志》查阅，也不得而知。后来才在一则资料得知，它其实叫“银地”，加上本身所临的那片田坝，因而取名“银地坝”。这个村名是针对施秉县的牛大场镇金坑村“金坑”对称而取其名的（注：金坑村在民国以前为黄平属地）。哎！为什么不还是“银地坝”呢？多好听的村名呀。用现在的村名难怪外地人摸不着头脑。

印地坝是一个以苗族为主的自然村寨，以潘姓、王姓、杨姓和吴姓为主。据介绍，他们多是从谷陇、黄飘、翁坪等乡镇过来的。他们来到这里定居大多有六、七代人了。他们是怎么到这里来的呢？多数回答说：先辈到这里给富人家种地，然后定居这里的——也许这是正确的。其实苗民在这里来居住我想有几个方面的来源。汉代的且兰国是苗族所建的城邦国家——这毋容置疑。但，我们找不到根据证实，汉代的那个叫“且兰”国，就是现在还住在这里的苗族所建。既然大多到这里才六、七代只有这样一种可能，那就是清朝末期发生的一些事件。在一碗水到牛大场一带，有很多的战斗遗址，如朗浒咸同灯花教起义遗址和古佛山苗民起义遗址等等。这些遗址都与清末苗族咸同起义有关。那时，这里一带（旧州、余庆、石阡、施秉、镇远等地）是苗族义军包大肚的根据地，他那时实行“耕者有其田”的土地政策，有部分苗族可能就是那个时候到来的——待考。而有部分确实是民国时候才来的，比如苟多驿雷氏苗族就是民国后期才移居这里的。
印地坝有古驿道，是清代明清所修建的。沿潕阳河畔至旧州古城有部分留存。并由此经施秉金坑，柳塘可达施秉。而因为有这样一条古驿道，这一带成了明清军屯民屯之地。寨旺屯、苟多驿、赵王屯就是那个时候留下的村名。1934年中国工农红军长征时，从施秉过来，曾两次经过这条古驿道去旧州的。现在交通方便了，古驿道成了一道文化遗迹，它研究古代大西南交通的现存实物。
赵家湾是个苗族村寨，木屋瓦顶，多有庭院，有竹林相间。我到寨子中循走一番，总觉得很有“原生态”的味儿——因为全是木屋，没有一座砖房。而这个村落的木房都保持着一定的高度，板壁、花窗装修得美，桐油粉刷得油黑油黑的。现在要找这样的村落太难了。如果我是导演，我一定会将这里作为影视拍摄基地的。
赵汪屯有水电站，叫大飞水电站，始建于1970年，于1976年峻工，装机1000千瓦，它的建成和运行，让印地坝村成了全县较早用上电灯的村之一。此电站拦蓄大飞水为源，建有砌石溢流单拱坝水库一座，高近四十米，坝顶长98米，引水渠2.2公里，并连着一条近百米的隧洞。由于源头来水比较丰富，一旦水流到隧洞口时，有很多水会溢出渠道外，形成一条高约100多米的瀑布。跌碎的水，漫起的雾，形成一道具亮丽的风景线，大有“虚空落泉千仞直，雷奔入江不暂息”的气势力。因为有这样一条瀑布，近年来，到这里拍照的游客不少。
印地坝连着潕阳河，是潕阳河风景区的上游，从这里乘船可以直达潕阳河风景区的出口处。这里旅遊资源丰富，那几个保持完好的村落、那个转了180度潕阳河大湾，那条古驿道，还有“步云洞”摩崖石刻……这一切不正是最好的旅游资源吗？
“印地坝”本名就叫“银地坝”，虽说它只是个地名符号，但我相信，在不远的将来它会成为真正的“银地坝”。

 
 

 
 

",http://www.julanhp.com,"['/UploadFiles/hpxw3/2014/3/201403071419495001.jpg', '/UploadFiles/hpxw3/2014/3/201403071419495605.jpg', '/UploadFiles/hpxw3/2014/3/201403071419502512.jpg', '/UploadFiles/hpxw3/2014/3/201403071419503014.jpg']",2014年03月07日, 印地坝：潕阳河在这里转了个大湾 
15,"
据嘉庆《黄平州志·名胜》载，新州（含重安）同旧州一样，也有十六景。因年代久远，其中相当部分景观已不复存在，即使存在，也多不为佳景了。如今，真正知晓当年新州十六景者，其为数也是不多的。为使后人知晓当年新州之景观，体赏黄平山河之壮美，从而激发热爱黄平，献身家乡之情，特选登宋光贵先生所作《新州十六景》。
本委查阅有关文献资料，对原文中存在的谬误进行更正。借搜录《黄平明清诗萃》之机会，增加部分描写相应景点的诗词以飨读者，并对相应景点的现状进行适当介绍。
第一景：榜山凝秀
“榜山凝秀”，在“州北里许。山青而岩白，石壁俊俏。王公枟摩崖大书‘中’字于其上。山巅皆黄土，春夏多雨，土辄崩堕，崖间赤白相间，依稀蝌蚪鸟迹，苍古斑斓。州人逢科试之年，以为获隽之验。”
明景泰五年（1454年）甲戌科进士、官至广西右布政使的周瑛有《榜山凝秀》诗曰：
苍龙山势抱孤城，峭壁平平类削成。
雨暗苔痕疑墨古，月移云窦讶文生。
前临泮水千寻碧，下瞰江流一派清。
为变乾坤多秀气，丹梯飞上自题名。
“榜山凝秀”，即黄平县城北门外马家岩。岩上方有三十平方许的白岩，与他处形成鲜明对比，状若科举放榜之墙，故曰“榜山”或“揭榜山”，岩上当年王枟所书“中”字依稀可辨。马家岩及所处架梁坡犹如一条巨龙逆流上游，龙头处正是马家岩，与周围山势对黄平城形成合抱之势。
第二景：带水环流
“带水环流”，即现在新州城之北门河。“溪水自南来，经折桂桥，汇仁里水，过西门，绕北，旋折而东，回环如带。”
周瑛有《带水环流》诗云：
源发东山贯北河，萦回如带湛澄波。
浪花喷雪寒光满，芹藻浮烟秀气多。
清比沧浪应澈底，绕浪泮沼自盈科。
观澜喜识朝宗势，不独时听孺子歌。
清代朱定元（黄平人，乾隆年间官至山东巡抚、都察院右副都御使）亦有《带水环流》诗云：
宛转清泉绕涧河，通江入海自盈科。
环溪鸥鹭飞腾早，曲渚渔龙变化多。
野渡云横山有色，芳堤风静水无波。
一湾碧浪围青嶂，月岸时闻孺子歌。
清进士李台(官至通政使司通政使)《兴隆杂记》诗中云：
清溪如带束城圜，潋滟春流入水关。
花柳轻阴度闤闠，家家鹅鸭形斒斕。
登上地势高处，俯瞰黄平城，溪水如带环绕。半河水自东来，过南门，经西门、北门，旋折又向东流去，环绕县城几近一周。可以想象古时溪水清清，渔舟唱晚，两岸阡陌纵横，农歌牧笛，难怪古人对此景题咏甚多。
第三景：东阁梅开
“东阁梅开”，在新州城“东门外不数步。高峰矗立，其巅五出，若梅花然。积雪未消，莹然在望。无烦策蹇扶筇，恍若暗香浮动也。”
明末兴隆卫指挥使胡同寅有《梅岫春登》诗曰：
几多春色到梅花，灌木阴中鸟语哗。
翠柳依依弥野岸，锦桃灼灼遍溪沙。
登临举酒情偏剧，拈韵分题兴转赊。
醉后啸歌天地窄，不妨潦倒接离斜。
李台《兴隆杂记》诗中亦云：
东郭梅花逐暖风，嫣然蕚绿笑苍穹。
 何人肯向黄昏里，领略寒香瘦影中。
“东阁梅开”，即现在黄平二中后山一带。民间俗称“梅花五角”。 “花色”一年四季随季节而变化，春夏两季草木葱茏为绿色，秋季草木枯黄则呈现为黄色，到了冬季的雨雪天则为银白色。
第四景：南楼春晓
“南楼春晓”即新州“南门城楼循墙而南，高百余尺，踞城之巅，有层茅焉，经冬不枯，初春早茂，殆灵气之所钟而得气之最先者耶。”
周瑛有《南楼春晓》诗云：
百尺危楼倚碧霄，登临佳境值春潮。
桃花点点飞红雨，柳树依依锁画桥。
一水护田烟浪绕，四山耸翠雪痕消。
远听牧笛间渔唱，尽是康衢击壤谣。
李台《兴隆杂记》诗中云：
行宫坡上古南楼，翠巘屏开晓色浮。
一簇仙茅钟气早，惯先梅柳占春头。
“南楼春晓”，即现在的新州一小后边的山巅顶上。原城墙循山而建，山顶建城楼，古城楼已不存，仅余遗址，为一城之制高点。
第五景：云崖仙岛
“云崖仙岛”，即现在的“飞云洞”。“州东二十三里，名‘飞云崖’。《贵州通志》称其玲珑诡异，为黔中第一奇境。”
历来，文客骚人咏赞“飞云崖”的诗文很多，仅《黄平州志》录载的就多达近百首。现录周瑛《东坡仙岛》诗一首以鉴：
层峦叠嶂耸琼楼，仿佛三山东海头。
水泛碧桃流涧壑，烟笼绿柳锁汀洲。
祥光隐隐陀头起，紫气阴阴洞口浮。
白鹤玄猿栖自古，苍苔仙迹旧遨游。
“飞云崖”现为国家文物保护单位，常年游客如织。
第六景：玉峡晴虹
“玉峡晴虹”， “城东十二里道侧。双崖陡峭，一水中通，破空下注。崖畔为桥，水色山光，与日影相炫耀，不可名状。崖间钟乳结为大士像，璎珞莲座宛然。”
朱定元有《玉峡飞虹》诗曰：
淲淲清泉一径通，碧波深处隐长虹。
涧云生白长疑雨，野树排清不断风。
五夜鸟鸣因月上，四时山翠落江中。
观澜喜见鲸波静，斜挂云桥瑞气浓。
黄平第二位进士王枟在崖壁上摩崖：
崖云含宿润，溪月动晴辉
“玉峡晴虹”在今晒金石村右侧山谷中，凯施公路旁，古为湘黔古驿道必经之地。峡谷间两座古石桥飞架，状若双虹跨涧。涧水碧绿，寒彻侵骨，水光山色，实为游玩不可多得之佳景。
第七景：宝塔凌霄
“宝塔凌霄”，“居榜山南岸，为东流一柱，回澜荡漾，云雁翱翔，若蘸清波而书碧落，为一州胜概。”
“宝塔凌霄”，遗址位今文化广场后山一带，‘居榜山南岸’，即马家岩对面。民间传说朱定元家人虐待有恩于朱家的阴阳先生，遭到阴阳先生报复，建议朱家在北门河修一座桥，在桥前方修座塔，导致朱家衰败。民间谚云：“塔是弯弓桥是箭，箭箭射向朱家院”。此为民间讹传，塔实为朱定元回乡后捐建，塔名“中丞”（朱定元曾任山东巡抚，明清巡抚也称“中丞”）塔，塔早毁，桥于八十年代因洪水坍塌。未见前人对此景之赞咏。
 
第八景：龙潭布雨
“龙潭布雨”在何处？《黄平州志》载曰：“州西三里有潭，深不可测，龙潜其中，即龙渊也。潭云初起，山雨欲来，不崇朝而遍布，有祈祷之无不应也。水不在深，有龙则灵，信然。旧名曰‘龙潭灵异’”。
周瑛有《龙渊灵异》诗曰：
古洞深沉别有天，水云深处老龙眠。
为灵能应四时祷，分脉常沾万倾田。
吞吐烟霞岩空里，倒悬星斗石桥边。
箇中风景应难识，异草奇花不记年。
黄平以前的“龙渊书院”即以此潭得名，原潭已湮没。原址乃今龙洞榜也，该地泉眼密布，日涌水量及大，为黄平县城第一水源地，今黄平人对外则可骄傲地说：“我们黄平洗澡都是用矿泉水”。
第九景：炉山端拱
《黄平州志》载：“州南十五里曰炉山，高如云表，端正方崖，圣宫前案也。烟雾常笼其巅，飘渺氤氲，晴即特佳，独石肤寸之奇，雨中尤胜。旧名‘炉山烟雨’”.
周瑛《炉山烟雨》诗云：
炉峰怪奇自天成，非艺沉枟得此名。
带水含烟疑变幻，远浓近淡卜晴阴。
山腰漠漠横苍翠，水面濛濛罩浅清。
绝顶方塘灵莫测，为鱼为物若多情。
李台《兴隆杂记》诗中云：
香炉郁律矗长空，万马奔腾一障中。
见说隆城文物盛，地灵融结在黉宫。
“炉山端拱”，即今之冷屏山，为黄平县第二高山。山顶有几亩许方塘，塘水常年不枯。登临山顶，一派草原风光。山上还有奇形怪状的天然石林，实乃待开发之优质旅游资源地。
第十景：沙镜空明
“沙镜空明”所在：“循北门河下流三里有园洲焉”（清嘉庆《黄平州志·名胜》），“沙莹若镜，积水空明，日色由高山倒映，烟树迷离，鸟语清幽。虽盛夏经之，几忘酷暑，若夜游然。旧名‘沙洲夜月’”。
朱定元有《沙溪夜月》诗曰：
一轮皎洁静无声，引入清溪鸟篆平。
桂魄影月沙一渚，苔痕冷侵月三更。
烟笼雪岸连天碧，风扫银蟾照水明。
此际有人闲坐望，人间天上斗变清。
“沙镜空明”，按《州志》所载：“循北门河下流三里…”，当在今三桥附近。古景早已不复存在，今址经过改造，两岸柳树依依，水车呀呀转动，河岸转弯处辟成微型公园。到了晚上，在城市亮化灯光的照射下，恍若人间仙境，已为市民休闲、散步的好地方。
第十一景：官渡安流
《黄平州志》载：“在重安汛城外，为滇黔孔道，水势宽平深静，柱石于两岸而窍其端，亘以巨索，自北而南，竖短桅于舟首，循索而渡，不用稿楫。舆者、骑者、担者、负者，杂沓河干，称三津焉。旧名‘安江待渡’”。
周瑛《安江晓渡》诗云：
渺渺江流值要津，朝暾初浴往来频。
橹声惊起沙鸥宿，曙色平分野草春。
雪浪喷花迎云棹，烟波瞑树怯垂纶。
天光云影徘徊里，尽是呼舟唤渡人。
明余兴贤（官至知府）亦有《安江待渡》诗云：
重安江色绿于萝，江艇催人急似梭。
凤岭烟开曦驭出，霓旌风袅使轩过。
闲窥鹭步沙清浅，静听滴歌韵倚娜。
更是四时饶景色，青山两岸白云多。
夏言（1482—1548，字公谨，江西贵溪人。明正德进士。初任兵科给事中，以正直敢言自负。世宗继位，疏陈武宗朝弊政，受帝赏识。豪迈强直，纵横辩博，受宠升至礼部尚书兼武英殿大学士入参机务，不久又擢为首辅）亦有《重安江晚渡》诗云：
重安江色清可怜，江头下马渡江船。
黄茅野屋淡秋色，粉堞山城愁暮烟。
朱旗邮兵走相报，绣衣使者来行边。
故人经年不可面，何得万里同尊前。
“官渡安流”，即今重安江铁索桥处。古有渡口，为古驿道必经之地。今存清朝铁索桥、民国钢架桥、现代钢筋混泥土桥三座桥并架河面上，称为“三朝桥”，蔚为奇观。
第十二景：虹桥普济
“虹桥普济”，即新州北门河上之独孔石桥。《黄平州志》载：“城虽在众山中，而西北东三面复流环绕，平越（今福泉）、遵义诸邑及蜀中来者，俱由旧城（今旧州）达此，初颇病涉。朱中丞（朱定元）捐资修桥，称永赖焉。从北山瞰之如虹飞渡城郭，市肆皆疑蓬阆矣”。陈文政《黄平新州漫兴》述及此桥：
突兀群山里，城雄莫与俦。
浮图凌晓曙，飞虹砥中流。
通楚当冲道，入黔第一州。
两斋饶寂寞，诗酒未云愁。
桥因朱定元捐建而名“中丞桥”，按乾隆23年（1758年）朱定元致仕后即修建此桥算，该桥应有250年以上的历史了。独拱石桥今尚存，经政协委员提案，政府拨款修葺，如今古桥焕发新颜，成为县城标志之一。
第十三景：北岭雄关
“北岭雄关”，在州北五里许，有石人洞，讹为杀，或曰其状如人也，或曰军兴时歼敌于此然，不可考矣。岭险峻戮云，下通一径，下可屯数百人。凭高俯眺，势若建瓯。往代州卫分隶黔蜀，诚据险制敌之地。今六合一家，策成形胜云尔。
周瑛有《北岭雄关》诗云：
造物分明巧凿开，嶙峋高出白云隈。
西连蜀剑嗟同险，北并秦关怯远来。
夷泽惊从天外语，析声疑在日边回。
强弓劲努休经此，马车轰轰气自衰。
李台《兴隆杂记》亦云：
青嶂排空锁石关，架梁高拥紫微间。
摩崖中字丹常渥，珍重嘉名是榜山。
明黔国公沐天波有《石人洞》诗云：
石人洞口白云深，一曲沧浪路几寻。
藤莽牵衣添野翠，兰蘅坐我袭微阴。
夜来城上孤灯邈，雨后山间夕照临。
漫说渔人浑部到，涓涓流水是知音。
“北岭雄关”即今复烤厂段，古时为黄平通往旧州的必经之道。
第十四景：西坡叠嶂
“西坡叠嶂”， “在州西六里。峰峦绮交，或平或峭，如列屏聚笏。欲雨，则吞吐云雾；欲晴，则刻露烟岚。与屏山（即冷屏山）相对峙。下有泉水绕石穿石洞出，山外木石，壅则停而为渊。人以为秀气所钟云。”
“西坡叠嶂”，系现在新州龙洞榜后边之大山。未见前人对此景留有赞咏。
第十五景：凤岭来青
“凤岭来青”，在“重安江岸。山势飞舞，插汉昂霄。若凤凰翔于千仞。倒映入江，则芳草华林掩映澄碧。去城三十里，当秋空晴霁，登楼远眺，天外青葱之色，从断霞飞鹭中排挞而至，诚胜景也。旧志将此景归入新州十六景内。
余兴贤有《凤岭来青》诗曰：
凤岭岧峣接绛霄，琳宫深处彩霞飘。
十洲不慕神仙景，一径频来仕女朝。
林霭经风青不断，石岚过雨翠难消。
老来结得同心侣，共向山中采药苗。
朱定元亦有《九月登金凤山》诗曰：
秋深山径绿苔封，异鸟奇花次第逢。
岩带晓烟清有色，岭含宿雨静舒容。
面前峭壁疑无路，石畔寻踪遇好峰。
缓步从容登极顶，天阊云外暮闻钟。
“凤岭来青”即现在重安之金凤山。
 
第十六景：灵崖挂瀑
《黄平州志》载：“飞云层崖上有泉悬焉。振鹭上飞，白龙下饮，与金枝翠柏相为辉映，盖瀑虽供崖之胜而亦以助崖之奇，匡庐山瀑布不得专美也”。
清王楚士《飞云崖八景诗》中有《灵崖瀑布》诗云：
疑是银河落九天，飞流直向碧峰悬。
千村泽自层涛出，万壑雷从一涧穿。
帘卷朱光澄洞口，练拖云影拍青山。
到来漫问桃源渡，一望仙源更盲然。
“灵崖挂瀑”，在飞云崖左侧，因水源枯竭，已成为季节性瀑布，在丰水季游览，可一睹瀑布壮美景色。
",http://www.julanhp.com,[],2014年03月06日, 新州十六景 
16,"

1月2日，浙江杭州市旅委对口帮扶考察团到黄平县指导和进行对口帮扶工作。黔东南州人民政府副秘书长肖凯旋、州旅游局副局长邓开宇、县人民政府副县长范爱红、县政府办、县旅游局负责人前往凯里黄平机场迎接考察团一行。
中午，县领导一行陪同考察团参观飞云崖景区，通过解说员详细解说和陪同人员的深入介绍，考察团了解到飞云崖不仅是全国重点文物保护单位，又是贵州省内著名的集田园风光、民族文化、历史文化、宗教文化及自然风光于一体的风景名胜区，飞云崖景区交通十分便捷，通过规划，利用能发挥文化遗产的巨大旅游潜力，为拉动全县旅游发展有着重要的意义。
1月3日中午，县相关部门负责人陪同考察团前往旧州古城景区、浪洞温泉景区考察。考察团分别参观了旧州天主教堂、仁寿宫、西上街等景点和浪洞森林温泉景区，并感受沐浴了浪洞森林温泉，对温泉的资源建设给予了肯定。并就黄平县旅游下一步发展提出了建设性的建议，同时考察团一行也在交流过程中仔细询问了对口帮扶项目建设建设情况。杭州市旅委考察团对该县旅游资源和旅游产业发展的进一步了解，将对我县今后积极推进旅游景区项目招商和帮扶对接等有关工作的顺利实施奠定了良好的基础，相信在州旅游局的关心支持下和杭州市旅委的帮助下，黄平县旅游资源的深度开发将翻开新的篇章。
",http://www.julanhp.com,['/UploadFiles/hpxw/2014/1/201401071512184511.jpg'],2014年01月07日, 杭州市旅委赴黄平县考察旅游工作 
17,"
近年来，浪洞森林温泉度假山庄各种设施日趋兴建完善，知名度也不断提高，随着时下气温下降，温泉山庄的客流量持续升温，也逐渐成为人们向往的休闲度假好去处，吸引了省内外游客纷至沓来，流连忘返。
元旦这天，景区迎来元旦假期旅游小高峰，周边县市散客成为主角，自驾游的车辆明显增多。记者在温泉山庄内看到，来自福泉市的唐小姐一家带着一岁半的双胞胎孩子在温泉池内游玩。
来自凯里的游客刘先生一行八人趁着元旦假期自驾车第二次来到了温泉，再次感受了温泉的舒适，还对温泉的建设提出了自己的建议。
凯里游客刘先生：今天元旦节，我们几家人自驾游过来玩，我们是第二次来这里，我们是从凯里过来的，来了八个人，感觉这里的水比较感觉，（如果）旁边弄点毯布来坐的话更舒服。
黎平的小朋友：我从黎平来的，和爸爸妈妈（一起），这里好玩。
浪洞温泉被科考专家赞誉为“苗疆圣水”，其水质清澈、明净、无色、味甜，并且水量大、水温高，水质好。浪洞森林温泉度假山庄是福建客商按国家AAAA级旅游景区标准投资新建的，是目前贵州省规模最大、功能最全、风景最美、设施最齐的山水文化温泉。景区环境优美，四周群山环抱、郁郁葱葱，景区内绿树成荫、鸟语花香。浸泡在绿树从中的各类特色温泉浴池内，不仅可以亲近大自然，而且给人一种如梦如幻、如临仙境的感觉。随着景区建设不断完善，温泉吸引了四方游客，接待量呈持续上升趋势，并保持良好势头。据温泉山庄服务人员介绍，元旦假期一天接待了400多个客人，
",http://www.julanhp.com,[],2014年01月03日, 浪洞森林温泉度假山庄迎来元旦旅游小高峰 
18,"

杨家村分水灌溉农田规约碑
在贵州省黄平县翁坪乡杨家村，有一块刻记于清朝道光五年（公元1826年）的灌溉分水碑约，至今已有187年的历史，是杨家村约束村民自觉分水灌溉田块的条约。这块碑记是用白色的盐岩石雕刻而成，上面呈拱形，碑高0.7米，宽0.4米。
杨家村位于翁坪乡政府南部一公里处，是当地高海拔的苗族村落之一。据当地的群众介绍，过去，杨家村分阿季、阿报、阿养、杨起贵四个支房，这四房的人在种田引用上塘（地名）的井水时，经常发生抢水打架或争吵的事件，为了制止抢水滋事的不良现象，村里由杨阿季、杨阿养等人组织召开四个支房家族会议，大家共同制定了灌溉用水的村规民约，将这些规约刻记在石碑上，并树立于寨子附近出下地水最大的上塘井前。如今虽然这块碑因年代久远，石碑已经风化，但从碑体上，还可看出文字的大概。碑文题目是《永远为据》正文记载曰：阿季、阿报、阿久、杨起贵……立碑，永不争水……我等上塘之水饬相争等，田多寡分水……有各自田水灌养，不得持强凶挖，夜盗之水…夜盗恶…凭我等罚银一两，酒五壶，饭等……不能争多论少、滋事、盗断，永无争夺……所有上塘是我们阿季、阿报、阿久、杨起贵……得买官业之塘，今后下面之田亦要此水灌养，求我四户分让谷安……不得将……日后彼等不得言讲……于上塘立碑为据。道光五年六月十三日立。
杨家村分水灌溉农田的碑规树立后，人们以此规约为凭，在耕作用水时，相互谦让，和谐共处，井下的300多亩农田再也没有出现抢水灌溉而发生纠纷的现象。为保护这份先人们留下的文化遗产，前不久，热心的村民杨雪等人已将该碑从上塘井里移回家中保护起来。这块碑是杨家村先民提倡和谐用水灌溉粮田的有力证据，他对研究清朝黄平县的苗族农耕文化具有很大的借鉴作用。


杨家村古石梯田群

 
 

",http://www.julanhp.com,"['/UploadFiles/hpxw/2013/12/201312191621231402.jpg', '/UploadFiles/hpxw/2013/12/201312191621247777.jpg']",2013年12月19日, 清代提倡和谐灌溉的杨家碑约 
19,"
最近受工作的安排，为完成黄平县古石梯田项目向国家水利部和文化部的申报工作，笔者受命来到仰慕已久的半山村进行一次田野调查。

图：古石梯田田埂上的“避雨洞”
半山村位于重安镇东北部9公里处的马鞍山西山麓。全村古石梯田共有896亩。千百年来，这片层层叠叠的古石梯田养育着半山村一代又一代的苗族人民。
半山古石梯田历史悠久。据该村现健在的84岁寨老杨凡老人介绍，来到半山村定居最早的是杨氏家族，至今已有17代人的历史。杨凡老人说他们的祖先从外地迁徙到这里时，坡上已经有一些田块了。男块早时是汉人开发的，汉人搬走后，杨氏家族才有幸到这里把梯田承接下来。从杨凡老人的口述中，我们沿着黄平县农业开发的历史文献痕迹去查考就这实了这一点：“宋绍兴六年（1136年）开始在五溪（清水江、舞阳河、渠阳河、辰水、巫水）诸洞以‘闲田’募弓弩手屯田，防治边地民族，使耕战合一。于淳熙四年（1177年）废。五年（1178年）三月，于黎平等地复制。宝佑五年（1257年）十一月二十八日，帝谕大臣，‘黄平诸蛮，不可纵军士骚挠，以失民心。’二十九日，帝谓黄平乃应自治，察看《黄平地理图》，命于黄平、舞溪、清浪置屯戍守，预防民变。”从这些历史文献上，可以证明，在黄平县一带，早年就有朝庭派兵屯驻，开荒造田自给自足。然而，在重安江一带大规模开山造成田的时间还是在明朝。据史料记载：明洪武十九年（1387年）十二月二十三日，上谕黄平、五开等卫官军以屯田自食，以解民供之困。次年九月，分牛两万头给诸军屯种。二十三年（1390年）正月二十一日，上命唐胜宗、张龙往黄平、镇远操练屯军，提督屯田，预防苗叛。六月，从沅、思两州及镇远、平越两卫调牛六千头分给缺牛屯军。宣德十年（1435年），上谕贵州诸屯所“地瘠水冷，刀耕火种，子粒秕细，收获量少”，各减屯粮三分之一……

图：古石梯田下的泄洪涵洞
过去，朝庭屯兵驻军喜欢在高山之颠的平川草场。朝庭在半山一带开山造田可以印证这一点。因在重安镇的半山、重兴、咬寨、瓦角、望坝、亮寨、梨新等村寨都是位于马鞍山、小冷坪山麓，这两座山顶是都是一眼望不到边的平川草地，是朝庭驻军和屯兵的最佳场所。为了生活，军队除了练兵打仗外，绝大部分时间都在开荒造田，因此类似半山村杨氏家族到来之前，这里已经开垦有田地的状况是足可理解和证明的。明朝军队从这里撤走几年后，半山杨氏始祖杨包记从翁坪杨家村分来到这里定居，随着家族人口的不断繁衍发展，他们才一边复垦，又一边继续开荒或开山造田。当时，穷困的农户因劳力条件有限，只能开造小田小丘，而富有的人家就雇工大规模修造粮田。如杨垢参等人在雇工造田时，每天除了包吃外，每人的酬劳是3碗大米（方形木碗，每碗0.4公斤左右）。但雇用劳工的条件，必须是吃得饭、干得动的青壮年。如他们在修造烧糖坪五十挑大田时，砌筑的巨型石块是数十人用滚木推赶，粗绳牵拉才能完成。半山村开造的大田还有个明显的特点是在大田外高内低，内侧深挖大坑，作为稻田越冬养鱼防冻池，每个防冻池面积约3平方米，可容纳200多斤鱼在池子里越冬。以杨垢参家烧糖坪这丘大田为例，所挖建的养鱼越冬池是有地下水冒出的地方，越冬池还用红石条与田块隔开，仅留下一个10厘米左右的口子让田鱼出入。天气冷凌时，田鱼就从田里游入常温的防冻池内。这样避免了田鱼的冷伤或冻死。此外，半山村的梯田与其他村寨的梯田的构造完全相同。不少的大田还横造于山沟之间，为了排涝和泄洪，人们都要在田块的底部铺设涵洞（有些田块由于横跨两三个小山沟，还铺设了多个涵洞），每年不管发生了多大的山洪，田块因有这些排涝和泄洪设施，所以在千百年来的风风雨雨中洗劫中，这些古石梯田均没有丝毫被雨水损毁的迹象。
在古石梯田中漫步，让我们更加惊奇的是，一些田埂墙上还留下许多石洞。经了解才知道是前人们科学智慧的杰作。古时，人们没有雨具，上山种田时，由于远离寨落，农夫为了在劳动休息时能够遮阳蔽雨，他们还在田坎下架砌了避雨洞，这不但节约了石材，而且还能给人们提供一处避雨避雹和防晒之所。如半山村的寨顶上的田坎就修砌有很多这样的“防雨洞”，洞内一般都可容纳5至10人在里面休息、就餐，这在黄平县的古石田坎中是少见的。
从半山的梯田之顶往下俯赏，那层层叠叠的古石梯田犹如一江漪涟，既温柔又刚劲。置身这片土地，仿佛把人带进了另一个农耕文化的空间，从喧嚣的都市来到这里，你也一定产生重返人类疲惫家园之感。


图：寨老田里的稻鱼“越冬池”
 
 


",http://www.julanhp.com,"['/UploadFiles/zjhp/2013/12/201312111022420993.jpg', '/UploadFiles/zjhp/2013/12/201312111023405075.jpg', '/UploadFiles/zjhp/2013/12/201312111022421908.jpg']",2013年12月11日, 初访半山古梯田 
